-- MySQL dump 10.13  Distrib 8.0.23, for Linux (x86_64)
--
-- Host: localhost    Database: vk
-- ------------------------------------------------------
-- Server version	8.0.23-0ubuntu0.20.04.1

/*!40101 SET @OLD_CHARACTER_SET_CLIENT=@@CHARACTER_SET_CLIENT */;
/*!40101 SET @OLD_CHARACTER_SET_RESULTS=@@CHARACTER_SET_RESULTS */;
/*!40101 SET @OLD_COLLATION_CONNECTION=@@COLLATION_CONNECTION */;
/*!50503 SET NAMES utf8mb4 */;
/*!40103 SET @OLD_TIME_ZONE=@@TIME_ZONE */;
/*!40103 SET TIME_ZONE='+00:00' */;
/*!40014 SET @OLD_UNIQUE_CHECKS=@@UNIQUE_CHECKS, UNIQUE_CHECKS=0 */;
/*!40014 SET @OLD_FOREIGN_KEY_CHECKS=@@FOREIGN_KEY_CHECKS, FOREIGN_KEY_CHECKS=0 */;
/*!40101 SET @OLD_SQL_MODE=@@SQL_MODE, SQL_MODE='NO_AUTO_VALUE_ON_ZERO' */;
/*!40111 SET @OLD_SQL_NOTES=@@SQL_NOTES, SQL_NOTES=0 */;

--
-- Table structure for table `communities`
--

DROP TABLE IF EXISTS `communities`;
/*!40101 SET @saved_cs_client     = @@character_set_client */;
/*!50503 SET character_set_client = utf8mb4 */;
CREATE TABLE `communities` (
  `id` int unsigned NOT NULL AUTO_INCREMENT COMMENT 'Идентификатор сроки',
  `name` varchar(150) CHARACTER SET utf8mb4 COLLATE utf8mb4_unicode_ci NOT NULL COMMENT 'Название группы',
  `created_at` datetime DEFAULT CURRENT_TIMESTAMP COMMENT 'Время создания строки',
  `updated_at` datetime DEFAULT CURRENT_TIMESTAMP ON UPDATE CURRENT_TIMESTAMP COMMENT 'Время обновления строки',
  PRIMARY KEY (`id`),
  UNIQUE KEY `name` (`name`)
) ENGINE=InnoDB AUTO_INCREMENT=21 DEFAULT CHARSET=utf8mb4 COLLATE=utf8mb4_unicode_ci COMMENT='Группы';
/*!40101 SET character_set_client = @saved_cs_client */;

--
-- Dumping data for table `communities`
--

LOCK TABLES `communities` WRITE;
/*!40000 ALTER TABLE `communities` DISABLE KEYS */;
INSERT INTO `communities` VALUES (1,'ipsa','1989-04-29 10:11:43','2014-10-08 11:11:35'),(2,'sunt','1982-02-24 11:51:26','1986-02-04 18:42:11'),(3,'suscipit','2014-06-07 14:57:58','2001-04-23 11:08:46'),(4,'repellat','2001-10-19 18:37:23','1987-08-08 02:12:45'),(5,'qui','1978-10-26 19:01:00','1972-03-31 06:11:38'),(6,'officia','1985-07-28 11:40:41','1975-06-27 05:54:44'),(7,'incidunt','1984-01-30 01:03:58','1976-12-04 14:37:46'),(8,'dolores','1979-07-03 05:42:39','2017-10-16 19:58:41'),(9,'eligendi','1979-09-11 01:38:53','1987-09-17 09:19:59'),(10,'non','1982-04-20 04:59:34','1985-05-31 11:33:58'),(11,'nam','2004-04-22 05:58:08','1973-08-23 09:31:51'),(12,'aut','1983-03-22 15:47:18','1971-10-08 02:08:48'),(13,'rerum','2020-01-22 12:41:25','1980-07-16 07:57:17'),(14,'sint','1994-08-15 11:20:36','1997-04-11 07:33:15'),(15,'soluta','2020-05-02 22:29:09','1973-01-03 00:56:55'),(16,'molestias','1974-04-05 16:32:14','2000-06-16 05:18:58'),(17,'repellendus','1987-12-21 05:26:43','1977-12-20 04:32:46'),(18,'perspiciatis','2002-12-22 14:17:17','1982-07-03 04:32:00'),(19,'aperiam','1991-11-27 00:56:24','2000-12-12 04:03:44'),(20,'dolorem','2013-05-13 04:39:59','1975-09-19 02:57:12');
/*!40000 ALTER TABLE `communities` ENABLE KEYS */;
UNLOCK TABLES;

--
-- Table structure for table `communities_users`
--

DROP TABLE IF EXISTS `communities_users`;
/*!40101 SET @saved_cs_client     = @@character_set_client */;
/*!50503 SET character_set_client = utf8mb4 */;
CREATE TABLE `communities_users` (
  `community_id` int unsigned NOT NULL COMMENT 'Ссылка на группу',
  `user_id` int unsigned NOT NULL COMMENT 'Ссылка на пользователя',
  `created_at` datetime DEFAULT CURRENT_TIMESTAMP COMMENT 'Время создания строки',
  PRIMARY KEY (`community_id`,`user_id`) COMMENT 'Составной первичный ключ'
) ENGINE=InnoDB DEFAULT CHARSET=utf8mb4 COLLATE=utf8mb4_unicode_ci COMMENT='Участники групп, связь между пользователями и группами';
/*!40101 SET character_set_client = @saved_cs_client */;

--
-- Dumping data for table `communities_users`
--

LOCK TABLES `communities_users` WRITE;
/*!40000 ALTER TABLE `communities_users` DISABLE KEYS */;
INSERT INTO `communities_users` VALUES (1,1,'1986-12-30 07:07:27'),(1,21,'1997-10-16 11:20:34'),(1,41,'2002-12-12 07:03:12'),(1,61,'1973-01-06 05:17:37'),(1,81,'1977-12-21 15:31:51'),(2,2,'1997-03-12 03:22:16'),(2,22,'1998-11-15 22:20:11'),(2,42,'1981-03-08 02:23:53'),(2,62,'1992-02-22 07:28:57'),(2,82,'1980-11-01 00:25:11'),(3,3,'1993-03-05 14:59:54'),(3,23,'1982-07-22 23:14:35'),(3,43,'1973-03-05 22:09:52'),(3,63,'2016-10-13 10:16:20'),(3,83,'2011-10-17 19:06:53'),(4,4,'1978-03-21 22:36:50'),(4,24,'2013-11-29 00:12:47'),(4,44,'2000-02-03 19:22:21'),(4,64,'2003-07-29 22:25:41'),(4,84,'1999-10-27 02:49:12'),(5,5,'1972-05-22 22:48:37'),(5,25,'1970-06-07 03:53:10'),(5,45,'1992-01-10 12:24:38'),(5,65,'1984-05-18 15:51:16'),(5,85,'2007-09-28 13:50:33'),(6,6,'2018-03-02 07:14:51'),(6,26,'1973-11-12 09:42:12'),(6,46,'2007-11-26 23:57:49'),(6,66,'1995-01-02 09:20:25'),(6,86,'1993-10-29 11:38:52'),(7,7,'1997-05-23 12:18:22'),(7,27,'1979-01-20 21:55:27'),(7,47,'2004-12-12 03:40:22'),(7,67,'2016-05-18 19:56:05'),(7,87,'2013-02-20 15:23:36'),(8,8,'2011-11-06 21:35:12'),(8,28,'1981-11-27 21:38:18'),(8,48,'1984-11-12 18:08:53'),(8,68,'2008-08-13 09:13:51'),(8,88,'1983-06-16 11:19:33'),(9,9,'2010-01-18 05:42:39'),(9,29,'1972-11-04 16:18:25'),(9,49,'1980-02-03 08:55:45'),(9,69,'2001-12-08 23:24:51'),(9,89,'2013-10-04 09:47:29'),(10,10,'1998-07-15 06:59:15'),(10,30,'2017-10-14 21:23:29'),(10,50,'2010-04-01 03:56:05'),(10,70,'1995-11-29 05:01:56'),(10,90,'2012-11-12 01:32:36'),(11,11,'1986-07-24 15:56:14'),(11,31,'2007-06-29 21:19:41'),(11,51,'2018-02-24 06:36:01'),(11,71,'2014-10-14 18:48:23'),(11,91,'1988-10-02 03:36:22'),(12,12,'2002-04-21 16:23:31'),(12,32,'2018-09-24 22:40:29'),(12,52,'2018-01-23 15:14:59'),(12,72,'2019-12-10 09:13:54'),(12,92,'1987-05-10 20:35:40'),(13,13,'1980-11-24 02:14:47'),(13,33,'1972-06-18 12:05:31'),(13,53,'1987-09-26 12:36:41'),(13,73,'2001-07-21 16:16:59'),(13,93,'1996-05-02 13:42:18'),(14,14,'2008-08-31 05:42:46'),(14,34,'1995-01-26 23:23:24'),(14,54,'2010-09-25 19:33:33'),(14,74,'2008-06-13 14:32:11'),(14,94,'2005-02-09 07:48:02'),(15,15,'1984-08-12 11:18:46'),(15,35,'1985-01-30 04:46:09'),(15,55,'1975-03-18 00:59:46'),(15,75,'1970-02-15 17:44:54'),(15,95,'1985-11-06 09:25:11'),(16,16,'1991-10-20 22:28:52'),(16,36,'1982-02-05 02:35:25'),(16,56,'1980-07-16 21:14:04'),(16,76,'1998-05-14 20:18:05'),(16,96,'2021-01-27 09:13:32'),(17,17,'2007-03-04 07:33:06'),(17,37,'1993-02-28 22:32:25'),(17,57,'1987-03-18 06:56:45'),(17,77,'1989-02-03 21:03:50'),(17,97,'2017-12-10 13:41:20'),(18,18,'2001-02-20 13:03:55'),(18,38,'2005-11-08 05:20:16'),(18,58,'2008-09-28 23:27:42'),(18,78,'2011-10-22 08:28:43'),(18,98,'1990-08-17 04:40:50'),(19,19,'2008-11-10 21:31:03'),(19,39,'2018-08-15 22:47:19'),(19,59,'2018-07-13 23:38:37'),(19,79,'2021-02-22 01:42:13'),(19,99,'1990-08-21 06:24:57'),(20,20,'1976-04-18 09:06:40'),(20,40,'1981-02-20 11:13:52'),(20,60,'1991-10-07 07:12:49'),(20,80,'1977-02-19 18:19:13'),(20,100,'2020-07-12 15:53:01');
/*!40000 ALTER TABLE `communities_users` ENABLE KEYS */;
UNLOCK TABLES;

--
-- Table structure for table `friendship`
--

DROP TABLE IF EXISTS `friendship`;
/*!40101 SET @saved_cs_client     = @@character_set_client */;
/*!50503 SET character_set_client = utf8mb4 */;
CREATE TABLE `friendship` (
  `user_id` int unsigned NOT NULL COMMENT 'Ссылка на инициатора дружеских отношений',
  `friend_id` int unsigned NOT NULL COMMENT 'Ссылка на получателя приглашения дружить',
  `status_id` int unsigned NOT NULL COMMENT 'Ссылка на статус (текущее состояние) отношений',
  `requested_at` datetime DEFAULT CURRENT_TIMESTAMP COMMENT 'Время отправления приглашения дружить',
  `confirmed_at` datetime DEFAULT NULL COMMENT 'Время подтверждения приглашения',
  `created_at` datetime DEFAULT CURRENT_TIMESTAMP COMMENT 'Время создания строки',
  `updated_at` datetime DEFAULT CURRENT_TIMESTAMP ON UPDATE CURRENT_TIMESTAMP COMMENT 'Время обновления строки',
  PRIMARY KEY (`user_id`,`friend_id`) COMMENT 'Составной первичный ключ'
) ENGINE=InnoDB DEFAULT CHARSET=utf8mb4 COLLATE=utf8mb4_unicode_ci COMMENT='Таблица дружбы';
/*!40101 SET character_set_client = @saved_cs_client */;

--
-- Dumping data for table `friendship`
--

LOCK TABLES `friendship` WRITE;
/*!40000 ALTER TABLE `friendship` DISABLE KEYS */;
INSERT INTO `friendship` VALUES (1,1,1,'1996-02-08 17:56:32','1977-09-11 19:06:01','1973-02-01 00:25:44','1984-05-05 06:07:15'),(2,2,2,'1980-03-04 08:25:31','2017-12-21 08:16:05','2007-09-14 21:26:48','2017-08-17 02:19:39'),(3,3,3,'1973-06-25 18:25:02','2002-11-17 14:52:59','2017-06-21 01:27:26','2009-04-27 15:22:02'),(4,4,4,'1975-01-16 11:32:52','1986-11-03 08:58:28','1986-07-27 13:31:41','1999-09-03 15:55:35'),(5,5,5,'1973-03-15 03:09:32','2016-04-28 13:41:21','1976-06-19 00:51:34','2014-12-12 15:04:47'),(6,6,1,'1986-10-25 07:43:22','2010-08-27 09:09:23','1980-10-29 08:43:59','2017-02-06 02:19:58'),(7,7,2,'1981-12-03 02:02:32','2003-10-04 22:56:27','2019-10-06 18:41:45','1996-02-29 15:22:09'),(8,8,3,'1998-05-22 01:21:17','1997-06-08 01:20:54','1975-01-22 08:06:34','1991-01-24 09:59:58'),(9,9,4,'1996-06-21 06:01:51','1984-01-17 12:50:17','1995-02-18 00:57:38','1982-01-14 03:52:47'),(10,10,5,'2018-05-20 02:52:56','2004-01-30 01:21:29','1995-03-19 00:36:26','2005-10-27 09:36:01'),(11,11,1,'1972-03-13 09:38:31','2008-06-02 23:40:40','1989-09-23 10:55:35','1990-11-03 14:06:55'),(12,12,2,'2018-07-25 00:39:11','2004-09-20 18:51:00','1977-03-19 02:45:38','2020-05-11 16:00:28'),(13,13,3,'1979-04-29 19:19:01','1983-11-12 01:29:48','2004-05-28 11:34:34','2006-04-21 05:32:40'),(14,14,4,'1983-01-27 04:50:22','1998-11-25 03:32:49','2000-05-14 14:52:19','1973-10-01 05:07:11'),(15,15,5,'2018-02-27 05:48:14','1992-04-18 17:04:44','2010-01-29 21:15:55','2002-05-19 19:01:59'),(16,16,1,'1988-02-24 18:54:44','1990-12-07 23:21:52','1980-11-12 13:45:06','1998-05-03 19:57:11'),(17,17,2,'2015-04-25 10:22:24','1986-08-17 09:33:24','1999-08-27 12:25:22','2000-07-26 08:32:54'),(18,18,3,'1984-05-10 12:12:45','1981-07-31 02:53:46','2017-06-01 06:21:16','2011-04-23 05:40:47'),(19,19,4,'1975-10-23 15:14:24','2011-08-29 10:45:51','2014-12-23 01:04:52','1988-03-29 12:10:57'),(20,20,5,'1987-02-16 09:10:59','2015-02-04 17:22:38','2008-02-10 23:07:36','2018-03-23 10:07:34'),(21,21,1,'1979-10-29 06:24:41','1984-04-23 14:36:46','1998-12-17 05:35:50','1992-10-12 14:21:05'),(22,22,2,'1998-12-17 00:10:52','2009-12-08 15:05:07','1995-09-23 07:27:27','1993-09-10 17:18:57'),(23,23,3,'1994-04-04 19:25:34','1997-02-23 19:45:47','2009-03-07 23:06:54','2018-07-16 21:45:51'),(24,24,4,'2015-03-11 15:31:37','2008-04-14 09:51:45','1970-08-15 08:24:35','2016-09-21 23:29:02'),(25,25,5,'1999-11-23 01:48:47','2011-05-31 17:05:35','2001-04-19 23:19:08','1996-10-20 21:49:50'),(26,26,1,'1984-02-11 01:45:03','2013-11-02 18:36:27','1998-10-13 01:02:13','2005-08-07 19:59:38'),(27,27,2,'2016-10-30 23:04:32','1998-08-05 06:12:09','2010-10-21 00:23:54','2008-03-15 22:15:11'),(28,28,3,'1979-08-31 12:51:07','1978-09-11 07:20:49','1988-04-16 18:52:42','1990-08-30 21:43:45'),(29,29,4,'2003-07-02 02:59:38','1986-06-15 22:11:34','1982-03-13 04:10:54','1987-01-14 04:11:25'),(30,30,5,'2000-12-01 23:57:22','1986-09-05 02:00:37','2014-07-09 00:55:44','1982-02-12 19:44:13'),(31,31,1,'1975-05-11 16:34:40','1993-10-31 05:27:13','1995-06-29 00:07:02','1990-04-24 03:37:11'),(32,32,2,'2014-07-08 11:58:24','2016-11-01 04:21:08','2008-05-04 07:07:23','1981-05-31 22:15:20'),(33,33,3,'1973-02-15 16:39:30','2020-03-11 20:44:42','1988-09-28 22:37:20','1970-08-12 07:47:24'),(34,34,4,'1984-09-11 06:40:29','1976-04-16 16:39:04','1981-03-30 15:54:26','1994-06-15 21:59:47'),(35,35,5,'2020-12-08 02:55:19','1972-01-21 08:15:50','1997-04-15 14:07:14','1988-09-01 15:12:14'),(36,36,1,'1991-02-06 01:12:25','1975-02-27 09:18:41','2008-05-30 16:08:17','1981-09-27 01:29:21'),(37,37,2,'2018-10-30 09:41:12','1971-01-31 10:15:07','1979-02-18 12:41:37','1977-12-26 09:30:19'),(38,38,3,'2017-12-13 02:18:26','1970-02-12 22:09:46','2019-09-10 20:51:13','2020-10-06 15:26:48'),(39,39,4,'2017-05-06 20:33:59','2016-12-19 00:38:40','1998-09-19 20:02:14','2012-04-04 09:57:43'),(40,40,5,'1976-10-16 12:57:36','2016-01-16 15:25:13','2011-10-18 13:40:15','1999-05-05 17:27:04'),(41,41,1,'1984-11-23 12:05:18','1979-06-05 17:29:32','2005-10-16 16:44:30','2016-11-28 10:57:11'),(42,42,2,'2014-06-12 06:11:57','2004-07-03 18:29:24','1988-12-02 00:02:45','1970-09-23 04:52:03'),(43,43,3,'2019-07-11 21:49:39','1974-07-22 04:28:41','1996-11-10 00:00:15','1996-05-21 15:32:35'),(44,44,4,'2017-08-31 17:11:09','1979-09-27 13:56:49','2019-03-28 04:31:20','1988-12-08 06:52:45'),(45,45,5,'1996-04-06 06:25:19','2016-10-16 05:56:27','1988-01-01 09:37:35','2016-07-24 03:45:31'),(46,46,1,'1980-06-09 21:59:46','1976-03-28 13:06:15','2016-10-16 16:55:41','1986-08-13 02:26:49'),(47,47,2,'2010-06-10 19:47:06','1992-02-08 12:20:09','1984-05-08 20:57:49','2015-06-30 23:17:17'),(48,48,3,'2011-01-31 01:00:05','2013-03-07 03:11:50','2010-10-13 01:49:33','1971-10-23 21:14:09'),(49,49,4,'2012-08-27 19:59:45','2002-07-14 19:28:52','1992-11-08 16:57:56','1987-06-21 05:39:23'),(50,50,5,'1984-08-29 16:06:49','1991-03-31 18:43:27','1992-06-26 16:46:09','1998-03-16 15:31:58'),(51,51,1,'1972-07-11 16:13:05','2014-06-05 17:30:55','1992-07-27 07:11:34','1990-09-25 19:45:10'),(52,52,2,'2007-11-12 07:04:57','1972-11-01 15:12:23','1992-06-29 09:04:28','1998-03-20 04:16:42'),(53,53,3,'1990-06-19 09:35:13','2001-03-20 18:00:06','1983-10-01 05:18:55','1974-03-30 22:02:12'),(54,54,4,'2005-10-01 04:34:18','1988-03-27 14:09:34','2010-12-04 03:05:59','2015-09-30 02:26:01'),(55,55,5,'1988-02-21 20:50:04','1979-06-06 08:47:51','1977-05-07 01:17:04','2008-04-07 07:32:45'),(56,56,1,'2010-03-09 19:37:58','2010-02-18 21:48:53','1994-12-12 07:18:48','2006-02-03 02:23:18'),(57,57,2,'1985-09-26 14:39:00','2004-04-04 08:44:36','1980-12-15 13:33:27','1985-08-15 19:06:15'),(58,58,3,'2020-11-16 16:11:41','1975-08-21 04:06:42','2006-12-23 12:32:08','1999-08-28 06:38:42'),(59,59,4,'1976-11-01 20:20:44','1989-03-30 14:21:19','1990-08-06 09:49:10','1985-07-07 05:36:13'),(60,60,5,'1970-06-27 22:54:27','1975-11-21 22:17:24','1972-01-25 19:39:43','1986-11-29 17:56:54'),(61,61,1,'1980-07-21 20:00:26','1997-08-21 13:09:19','2013-08-26 06:05:41','2013-01-07 03:40:47'),(62,62,2,'2001-10-01 01:29:07','1986-04-27 04:49:04','2016-02-16 14:26:00','1994-06-21 19:14:56'),(63,63,3,'1977-02-10 17:26:16','1994-03-10 21:41:57','2003-05-20 17:10:16','2016-10-15 23:15:26'),(64,64,4,'1996-12-19 06:38:41','2008-07-11 18:36:58','1971-03-31 21:55:04','1982-12-14 16:02:43'),(65,65,5,'2016-12-28 18:17:31','1975-10-22 15:42:11','1977-04-22 10:21:40','2002-09-17 09:18:00'),(66,66,1,'2016-10-18 05:49:18','2018-12-06 03:39:36','1992-08-13 17:05:12','1981-02-01 05:25:18'),(67,67,2,'1998-10-04 10:55:25','2016-12-17 02:32:11','1998-02-24 20:30:47','2007-11-07 16:54:40'),(68,68,3,'1973-09-20 20:07:10','1994-10-13 06:14:36','1985-07-24 19:31:45','2015-12-31 13:37:53'),(69,69,4,'2003-03-26 19:14:46','2007-10-04 15:25:28','2003-11-08 01:31:47','2010-03-03 13:59:12'),(70,70,5,'1972-05-18 11:38:28','2007-09-30 08:08:43','2002-12-27 23:06:24','2003-06-06 11:41:31'),(71,71,1,'2009-02-16 20:32:21','2000-07-15 20:43:37','1989-12-17 21:01:24','1976-06-16 04:54:54'),(72,72,2,'1980-02-24 02:36:55','1978-08-22 07:53:24','2006-09-27 01:28:49','1994-06-15 15:41:26'),(73,73,3,'1987-05-10 04:24:38','1991-08-05 12:39:12','2002-09-14 13:12:20','2007-05-23 23:10:21'),(74,74,4,'1980-01-04 17:47:00','1977-12-30 05:27:12','2016-05-02 01:23:22','2020-01-18 07:59:27'),(75,75,5,'1971-01-11 23:38:47','2016-06-24 01:09:05','1998-11-24 11:51:29','2002-12-07 12:26:54'),(76,76,1,'2009-11-17 19:45:00','1983-10-13 14:29:50','1979-02-01 06:14:16','2017-04-05 01:54:54'),(77,77,2,'1974-07-06 15:10:46','1987-02-01 13:39:15','1988-08-25 03:57:08','1975-06-16 04:41:46'),(78,78,3,'2003-02-07 04:37:13','1971-10-12 01:30:23','1979-08-21 17:08:44','1980-02-27 23:47:32'),(79,79,4,'1984-06-12 06:10:42','1989-11-11 00:57:30','1996-08-30 11:49:51','1991-05-18 18:08:57'),(80,80,5,'2005-01-12 11:33:41','1973-12-10 18:40:26','1971-04-18 13:23:09','1984-09-25 03:53:51'),(81,81,1,'1994-07-03 10:13:42','2016-07-07 22:49:31','1989-08-08 19:54:22','1979-11-06 23:10:26'),(82,82,2,'1973-11-03 15:17:33','2001-10-17 07:58:41','1998-11-06 08:33:21','1980-01-08 15:00:03'),(83,83,3,'2018-11-08 18:42:13','1993-05-11 09:30:33','2006-03-19 15:43:05','1983-09-25 04:01:23'),(84,84,4,'2006-10-31 17:42:03','2016-01-23 10:00:19','1984-09-19 05:50:28','1983-08-27 15:53:20'),(85,85,5,'1975-06-09 20:16:28','2009-06-21 05:08:55','2019-08-18 20:39:01','2016-01-04 23:19:37'),(86,86,1,'1979-04-11 09:51:53','2018-07-05 04:25:08','2003-04-23 07:41:55','1975-04-07 06:00:51'),(87,87,2,'1990-02-20 10:24:37','1980-10-19 09:27:59','1985-02-28 19:07:44','2002-09-06 09:25:45'),(88,88,3,'1994-04-15 03:06:56','1996-05-07 04:50:27','2011-12-18 21:53:45','2006-11-20 04:02:01'),(89,89,4,'2004-05-05 22:21:05','1989-01-29 01:22:07','1976-07-28 07:05:21','2019-07-10 00:46:10'),(90,90,5,'1999-04-26 03:53:00','1973-04-10 23:52:29','2012-10-02 07:04:21','2002-09-08 18:45:13'),(91,91,1,'1997-06-27 16:56:28','1992-06-30 07:50:14','2007-11-21 09:32:41','2008-08-22 06:41:38'),(92,92,2,'2005-07-14 13:14:05','2014-08-22 13:07:54','1998-03-15 17:47:17','1989-07-31 07:11:25'),(93,93,3,'1994-12-01 04:45:06','2007-11-22 15:41:55','2007-05-14 08:32:18','1984-05-10 03:12:54'),(94,94,4,'1970-03-16 04:46:33','2020-11-22 11:45:43','1970-08-04 17:51:44','1973-12-08 06:17:49'),(95,95,5,'1973-08-19 09:52:27','2013-01-30 00:54:36','2001-06-04 22:03:08','2017-01-14 21:23:53'),(96,96,1,'2020-06-24 17:17:49','2020-06-13 15:39:14','1986-04-20 15:03:17','2015-04-17 13:07:56'),(97,97,2,'1974-04-07 18:11:02','1977-07-07 10:35:57','2007-06-02 01:25:07','1976-01-26 02:33:36'),(98,98,3,'1997-12-12 18:18:38','1982-07-01 12:50:12','1990-11-18 17:59:47','1983-01-07 05:47:23'),(99,99,4,'1982-07-22 07:10:27','1982-07-12 08:55:42','2015-07-17 22:35:25','1973-02-23 23:32:52'),(100,100,5,'1972-10-24 19:52:40','1984-12-22 15:38:09','1993-03-10 04:15:25','1995-03-19 08:02:25');
/*!40000 ALTER TABLE `friendship` ENABLE KEYS */;
UNLOCK TABLES;

--
-- Table structure for table `friendship_statuses`
--

DROP TABLE IF EXISTS `friendship_statuses`;
/*!40101 SET @saved_cs_client     = @@character_set_client */;
/*!50503 SET character_set_client = utf8mb4 */;
CREATE TABLE `friendship_statuses` (
  `id` int unsigned NOT NULL AUTO_INCREMENT COMMENT 'Идентификатор строки',
  `name` varchar(150) CHARACTER SET utf8mb4 COLLATE utf8mb4_unicode_ci NOT NULL COMMENT 'Название статуса',
  `created_at` datetime DEFAULT CURRENT_TIMESTAMP COMMENT 'Время создания строки',
  `updated_at` datetime DEFAULT CURRENT_TIMESTAMP ON UPDATE CURRENT_TIMESTAMP COMMENT 'Время обновления строки',
  PRIMARY KEY (`id`),
  UNIQUE KEY `name` (`name`)
) ENGINE=InnoDB AUTO_INCREMENT=6 DEFAULT CHARSET=utf8mb4 COLLATE=utf8mb4_unicode_ci COMMENT='Статусы дружбы';
/*!40101 SET character_set_client = @saved_cs_client */;

--
-- Dumping data for table `friendship_statuses`
--

LOCK TABLES `friendship_statuses` WRITE;
/*!40000 ALTER TABLE `friendship_statuses` DISABLE KEYS */;
INSERT INTO `friendship_statuses` VALUES (1,'eum','2004-12-10 03:03:01','2006-10-30 20:56:36'),(2,'qui','1974-08-27 01:26:15','2019-12-17 20:12:20'),(3,'quae','1973-10-27 03:24:06','1995-04-07 09:48:54'),(4,'ad','2004-05-08 02:07:15','1994-03-18 17:56:34'),(5,'dolore','1992-06-11 07:46:09','1978-01-15 19:38:43');
/*!40000 ALTER TABLE `friendship_statuses` ENABLE KEYS */;
UNLOCK TABLES;

--
-- Table structure for table `media`
--

DROP TABLE IF EXISTS `media`;
/*!40101 SET @saved_cs_client     = @@character_set_client */;
/*!50503 SET character_set_client = utf8mb4 */;
CREATE TABLE `media` (
  `id` int unsigned NOT NULL AUTO_INCREMENT COMMENT 'Идентификатор строки',
  `user_id` int unsigned NOT NULL COMMENT 'Ссылка на пользователя, который загрузил файл',
  `filename` varchar(255) CHARACTER SET utf8mb4 COLLATE utf8mb4_unicode_ci NOT NULL COMMENT 'Путь к файлу',
  `size` int NOT NULL COMMENT 'Размер файла',
  `metadata` longtext CHARACTER SET utf8mb4 COLLATE utf8mb4_bin COMMENT 'Метаданные файла',
  `media_type_id` int unsigned NOT NULL COMMENT 'Ссылка на тип контента',
  `created_at` datetime DEFAULT CURRENT_TIMESTAMP COMMENT 'Время создания строки',
  `updated_at` datetime DEFAULT CURRENT_TIMESTAMP ON UPDATE CURRENT_TIMESTAMP COMMENT 'Время обновления строки',
  PRIMARY KEY (`id`),
  CONSTRAINT `media_chk_1` CHECK (json_valid(`metadata`))
) ENGINE=InnoDB AUTO_INCREMENT=101 DEFAULT CHARSET=utf8mb4 COLLATE=utf8mb4_unicode_ci COMMENT='Медиафайлы';
/*!40101 SET character_set_client = @saved_cs_client */;

--
-- Dumping data for table `media`
--

LOCK TABLES `media` WRITE;
/*!40000 ALTER TABLE `media` DISABLE KEYS */;
INSERT INTO `media` VALUES (1,1,'et',8,NULL,1,'2012-08-26 22:17:42','1998-06-14 02:33:50'),(2,2,'quidem',0,NULL,2,'2012-08-16 23:25:38','2018-09-04 09:37:22'),(3,3,'unde',9,NULL,3,'1995-08-31 10:35:05','1997-09-24 13:33:35'),(4,4,'similique',216105,NULL,1,'1973-09-22 07:08:10','2010-06-16 15:55:36'),(5,5,'neque',35405270,NULL,2,'2005-09-23 22:28:33','1992-03-13 22:51:05'),(6,6,'et',1933254,NULL,3,'2016-07-29 07:16:57','1976-08-26 06:20:02'),(7,7,'qui',7247,NULL,1,'1987-08-15 02:26:20','1970-10-18 16:51:16'),(8,8,'dolores',54880,NULL,2,'2020-11-09 08:53:52','2000-12-28 00:26:20'),(9,9,'et',91945436,NULL,3,'2009-07-25 07:39:36','1982-03-20 14:45:57'),(10,10,'harum',0,NULL,1,'1999-06-22 04:58:03','1988-05-20 20:45:35'),(11,11,'fugit',8,NULL,2,'2005-01-06 06:09:50','2003-11-24 01:26:48'),(12,12,'error',16838024,NULL,3,'1973-12-11 19:10:54','1974-02-11 18:16:08'),(13,13,'molestiae',9617,NULL,1,'1971-06-01 22:44:14','1993-04-22 07:04:20'),(14,14,'minima',631809110,NULL,2,'1975-05-02 15:02:42','1975-04-26 18:36:49'),(15,15,'cum',6537321,NULL,3,'1971-02-25 10:44:08','1998-09-29 06:10:33'),(16,16,'debitis',9,NULL,1,'1983-11-11 05:37:29','1998-10-04 01:32:42'),(17,17,'et',830970142,NULL,2,'2000-11-03 09:31:45','1980-05-07 02:20:00'),(18,18,'autem',920150,NULL,3,'2001-10-03 00:00:45','1984-03-31 00:40:25'),(19,19,'impedit',340804545,NULL,1,'1983-10-12 18:11:30','2010-12-13 03:59:44'),(20,20,'id',32689,NULL,2,'2013-05-24 03:01:16','1998-08-25 23:25:51'),(21,21,'consequuntur',4015,NULL,3,'2011-09-29 06:11:53','2005-05-13 04:49:21'),(22,22,'nobis',5,NULL,1,'1972-03-07 09:31:25','1974-02-28 13:51:19'),(23,23,'ipsam',2,NULL,2,'1977-08-31 08:03:16','1985-08-25 21:19:29'),(24,24,'consectetur',3,NULL,3,'2000-01-05 12:08:26','1981-01-08 18:44:04'),(25,25,'et',15606887,NULL,1,'1994-10-05 02:35:40','1991-03-08 20:58:36'),(26,26,'qui',7943231,NULL,2,'2010-06-24 09:35:51','2002-08-29 16:23:25'),(27,27,'laudantium',7,NULL,3,'1991-11-09 23:50:04','2008-01-04 05:15:01'),(28,28,'sit',9724216,NULL,1,'1999-11-09 22:49:23','2004-10-02 20:48:51'),(29,29,'consequatur',280402,NULL,2,'1997-03-06 22:30:02','1982-06-17 20:48:11'),(30,30,'accusamus',0,NULL,3,'2018-04-20 09:31:02','1987-08-06 06:32:48'),(31,31,'ipsum',55765799,NULL,1,'1999-07-28 22:02:32','1992-11-24 19:57:15'),(32,32,'omnis',301906,NULL,2,'1981-02-24 21:19:53','1979-07-06 04:25:01'),(33,33,'dolor',8972033,NULL,3,'2019-01-14 18:46:43','1998-09-25 15:21:30'),(34,34,'animi',69,NULL,1,'2017-04-22 11:30:49','1970-10-05 09:59:53'),(35,35,'recusandae',113895173,NULL,2,'2007-01-06 03:12:58','1970-12-21 06:21:08'),(36,36,'aut',7565,NULL,3,'1991-03-28 17:18:39','1972-01-31 22:24:22'),(37,37,'aut',991,NULL,1,'1979-01-12 09:38:54','1994-04-04 06:47:59'),(38,38,'debitis',693,NULL,2,'2020-05-02 18:13:02','2017-01-21 21:34:54'),(39,39,'facilis',9,NULL,3,'2000-03-30 02:57:33','1993-01-25 05:42:09'),(40,40,'corporis',3,NULL,1,'1978-03-15 13:33:50','1977-11-09 04:14:04'),(41,41,'dolor',4048,NULL,2,'2011-06-24 17:15:04','1985-06-01 12:35:28'),(42,42,'voluptates',59,NULL,3,'2014-02-05 00:43:28','2010-03-18 12:16:47'),(43,43,'tempore',0,NULL,1,'1983-09-24 22:29:45','1983-09-20 17:18:14'),(44,44,'dolor',38607,NULL,2,'2003-01-22 22:27:41','1997-09-28 21:39:59'),(45,45,'quia',74,NULL,3,'2009-12-22 14:07:26','2019-09-28 09:54:15'),(46,46,'sequi',450946680,NULL,1,'2013-12-19 09:46:28','2008-05-15 12:12:11'),(47,47,'aperiam',629082,NULL,2,'1978-01-03 14:46:28','1985-07-27 23:52:46'),(48,48,'architecto',66116533,NULL,3,'1994-10-22 21:15:43','1986-09-07 09:40:52'),(49,49,'officiis',28407,NULL,1,'1992-08-08 16:33:52','2013-03-13 20:58:12'),(50,50,'perspiciatis',24400,NULL,2,'1989-03-11 15:14:30','1973-06-17 09:53:02'),(51,51,'non',1141,NULL,3,'1995-12-01 10:51:36','1997-03-05 14:52:15'),(52,52,'earum',74729,NULL,1,'1991-12-21 22:28:28','2020-05-13 16:31:13'),(53,53,'fuga',1076658,NULL,2,'2012-08-24 00:09:15','2013-01-17 16:45:01'),(54,54,'voluptatem',390866,NULL,3,'1971-07-14 05:29:45','1993-11-06 15:55:28'),(55,55,'quo',540515531,NULL,1,'1978-12-29 16:52:40','1976-09-12 04:00:33'),(56,56,'natus',127839,NULL,2,'1990-09-23 09:27:09','1981-07-16 08:47:04'),(57,57,'enim',9200,NULL,3,'2012-09-29 05:18:06','1989-02-13 03:50:46'),(58,58,'et',0,NULL,1,'2004-02-27 06:34:14','1979-11-26 01:30:55'),(59,59,'in',3,NULL,2,'2020-12-20 05:07:22','2014-07-07 05:26:01'),(60,60,'corporis',11632,NULL,3,'1986-04-26 05:46:43','2001-02-07 10:36:45'),(61,61,'nostrum',8,NULL,1,'2003-12-26 12:24:22','1999-05-23 18:39:52'),(62,62,'vel',54,NULL,2,'2006-01-26 13:56:12','1995-07-16 15:59:40'),(63,63,'quis',72175613,NULL,3,'1983-07-29 04:56:05','2010-06-02 22:29:50'),(64,64,'repellendus',74,NULL,1,'2016-07-23 16:17:39','1996-04-06 15:07:06'),(65,65,'voluptatum',69673314,NULL,2,'1987-11-05 22:18:29','1992-03-11 02:11:43'),(66,66,'odit',209498083,NULL,3,'2002-09-12 21:55:36','2012-06-09 01:50:28'),(67,67,'sunt',33,NULL,1,'1973-08-15 02:23:18','2004-04-04 09:52:14'),(68,68,'qui',21188434,NULL,2,'1974-07-02 20:37:26','1972-06-23 13:50:46'),(69,69,'ipsa',0,NULL,3,'1999-09-01 21:05:27','1975-07-02 23:17:50'),(70,70,'doloremque',848018,NULL,1,'2005-04-26 17:09:02','1998-01-16 19:29:53'),(71,71,'modi',372224,NULL,2,'1986-09-10 12:26:57','2009-03-16 16:32:01'),(72,72,'autem',8386,NULL,3,'1998-01-25 09:59:33','1978-11-03 08:36:51'),(73,73,'eos',870207,NULL,1,'1997-06-23 12:22:41','2002-08-17 13:37:28'),(74,74,'nihil',279699,NULL,2,'2011-04-07 01:56:35','1984-07-09 10:09:01'),(75,75,'sed',38246713,NULL,3,'1978-01-26 05:41:07','2002-04-28 11:08:31'),(76,76,'perspiciatis',0,NULL,1,'1972-10-26 10:49:33','1995-01-06 00:43:34'),(77,77,'sed',76,NULL,2,'1987-12-01 10:58:59','1974-02-03 18:00:12'),(78,78,'ipsam',0,NULL,3,'1976-08-18 04:36:21','1978-05-22 07:26:27'),(79,79,'hic',980,NULL,1,'2005-05-13 21:57:45','1996-10-26 20:38:57'),(80,80,'esse',4185,NULL,2,'2009-08-13 03:48:47','1982-11-27 22:56:27'),(81,81,'voluptatum',7408286,NULL,3,'1986-08-06 19:01:46','1985-11-03 04:02:16'),(82,82,'debitis',52,NULL,1,'1985-12-01 03:34:51','2007-12-29 04:07:05'),(83,83,'rerum',916520,NULL,2,'1984-10-07 22:15:59','2005-03-30 16:00:03'),(84,84,'deleniti',5652280,NULL,3,'1996-05-27 11:31:37','1990-07-06 07:46:51'),(85,85,'aut',88,NULL,1,'1974-01-04 16:07:37','1977-08-28 12:17:19'),(86,86,'repudiandae',960369644,NULL,2,'1989-11-24 19:34:56','1988-08-17 19:35:00'),(87,87,'a',24,NULL,3,'1995-04-28 15:33:57','1978-02-06 03:03:06'),(88,88,'tempora',20,NULL,1,'2010-03-05 08:24:50','2001-08-07 20:19:58'),(89,89,'earum',858,NULL,2,'1977-09-09 07:59:51','1973-07-27 02:34:44'),(90,90,'non',2209486,NULL,3,'2000-08-30 17:20:03','1993-05-13 01:09:25'),(91,91,'aspernatur',125241335,NULL,1,'1977-05-07 21:47:09','1978-03-10 10:42:05'),(92,92,'repudiandae',3,NULL,2,'2006-07-08 10:04:40','1983-12-07 14:10:25'),(93,93,'minus',58317543,NULL,3,'2012-07-18 21:38:59','2012-01-26 21:50:08'),(94,94,'quia',3,NULL,1,'2007-03-27 09:23:29','2008-06-04 06:05:51'),(95,95,'quam',4738,NULL,2,'1990-01-12 06:36:07','1987-10-21 17:57:21'),(96,96,'consequuntur',30748751,NULL,3,'2018-08-06 17:15:35','1971-03-25 12:02:14'),(97,97,'quasi',25392,NULL,1,'1986-04-05 23:12:49','1984-04-01 10:25:27'),(98,98,'corrupti',74281624,NULL,2,'2002-03-08 09:50:37','1970-07-29 05:01:17'),(99,99,'accusantium',4819,NULL,3,'2017-10-16 11:53:02','1970-01-15 13:20:28'),(100,100,'quo',783720,NULL,1,'1984-07-04 02:35:35','2001-07-13 05:49:04');
/*!40000 ALTER TABLE `media` ENABLE KEYS */;
UNLOCK TABLES;

--
-- Table structure for table `media_types`
--

DROP TABLE IF EXISTS `media_types`;
/*!40101 SET @saved_cs_client     = @@character_set_client */;
/*!50503 SET character_set_client = utf8mb4 */;
CREATE TABLE `media_types` (
  `id` int unsigned NOT NULL AUTO_INCREMENT COMMENT 'Идентификатор строки',
  `name` varchar(255) CHARACTER SET utf8mb4 COLLATE utf8mb4_unicode_ci NOT NULL COMMENT 'Название типа',
  `created_at` datetime DEFAULT CURRENT_TIMESTAMP COMMENT 'Время создания строки',
  `updated_at` datetime DEFAULT CURRENT_TIMESTAMP ON UPDATE CURRENT_TIMESTAMP COMMENT 'Время обновления строки',
  PRIMARY KEY (`id`),
  UNIQUE KEY `name` (`name`)
) ENGINE=InnoDB AUTO_INCREMENT=4 DEFAULT CHARSET=utf8mb4 COLLATE=utf8mb4_unicode_ci COMMENT='Типы медиафайлов';
/*!40101 SET character_set_client = @saved_cs_client */;

--
-- Dumping data for table `media_types`
--

LOCK TABLES `media_types` WRITE;
/*!40000 ALTER TABLE `media_types` DISABLE KEYS */;
INSERT INTO `media_types` VALUES (1,'image/vnd.xiff','2019-02-26 19:55:48','1973-01-19 04:59:45'),(2,'application/vnd.oasis.opendocument.formula-template','1983-10-26 08:56:33','1973-05-28 21:20:03'),(3,'audio/mpeg','1979-11-04 12:52:33','2019-02-25 19:36:45');
/*!40000 ALTER TABLE `media_types` ENABLE KEYS */;
UNLOCK TABLES;

--
-- Table structure for table `messages`
--

DROP TABLE IF EXISTS `messages`;
/*!40101 SET @saved_cs_client     = @@character_set_client */;
/*!50503 SET character_set_client = utf8mb4 */;
CREATE TABLE `messages` (
  `id` int unsigned NOT NULL AUTO_INCREMENT COMMENT 'Идентификатор строки',
  `from_user_id` int unsigned NOT NULL COMMENT 'Ссылка на отправителя сообщения',
  `to_user_id` int unsigned NOT NULL COMMENT 'Ссылка на получателя сообщения',
  `body` text CHARACTER SET utf8mb4 COLLATE utf8mb4_unicode_ci NOT NULL COMMENT 'Текст сообщения',
  `is_important` tinyint(1) DEFAULT NULL COMMENT 'Признак важности',
  `is_delivered` tinyint(1) DEFAULT NULL COMMENT 'Признак доставки',
  `created_at` datetime DEFAULT CURRENT_TIMESTAMP COMMENT 'Время создания строки',
  `updated_at` datetime DEFAULT CURRENT_TIMESTAMP ON UPDATE CURRENT_TIMESTAMP COMMENT 'Время обновления строки',
  PRIMARY KEY (`id`)
) ENGINE=InnoDB AUTO_INCREMENT=101 DEFAULT CHARSET=utf8mb4 COLLATE=utf8mb4_unicode_ci COMMENT='Сообщения';
/*!40101 SET character_set_client = @saved_cs_client */;

--
-- Dumping data for table `messages`
--

LOCK TABLES `messages` WRITE;
/*!40000 ALTER TABLE `messages` DISABLE KEYS */;
INSERT INTO `messages` VALUES (1,1,1,'Velit sapiente exercitationem recusandae. Quis aut molestiae et tenetur delectus neque. Enim fuga nobis fuga est id.',0,0,'2008-03-11 10:12:47','1982-10-02 11:01:18'),(2,2,2,'Sint amet nostrum voluptatem quo aut voluptatum perspiciatis. Suscipit dolor rerum ipsam vitae pariatur. Placeat iusto sequi illum et voluptatibus itaque.',0,0,'1997-06-28 04:07:14','2012-03-09 11:48:09'),(3,3,3,'Consequuntur dolorem libero cupiditate et nihil id tenetur. Et dolor aperiam vero ut voluptas quia esse. Repellat quis dignissimos quae. Aspernatur delectus earum vel quisquam deserunt cupiditate.',0,0,'2014-02-25 21:58:10','1981-01-27 08:56:16'),(4,4,4,'Corporis et voluptate non pariatur et. Voluptates et animi rem. Repellendus consequatur quam consectetur quisquam fugiat tempora.',1,0,'2006-02-03 06:12:38','1997-02-19 15:13:43'),(5,5,5,'Possimus laborum enim voluptatem tempore tempora laudantium culpa sit. Reprehenderit eligendi odit perspiciatis omnis incidunt molestiae. Consectetur in corporis odit nostrum nulla voluptas ut. Provident vel et reiciendis sunt officiis aut nihil.',0,1,'2018-12-17 21:20:39','1973-01-23 13:02:53'),(6,6,6,'Ipsa ullam nostrum tempora suscipit exercitationem non fugit. Distinctio enim rerum placeat nesciunt magnam. Quisquam praesentium quibusdam debitis in dolor ullam voluptatem. Eum doloremque iste necessitatibus non molestias laboriosam necessitatibus.',1,1,'1996-11-13 01:12:26','1971-11-25 21:23:27'),(7,7,7,'Animi et explicabo officia et possimus totam. Sapiente consequatur quod ut adipisci.',0,1,'2001-08-21 11:11:20','1985-02-26 00:39:59'),(8,8,8,'Perspiciatis nam laudantium itaque quod molestias. Repudiandae rerum sunt deleniti nemo quia itaque voluptatem. Praesentium inventore et natus.',0,0,'1972-05-14 08:31:54','2012-10-22 06:19:42'),(9,9,9,'Quidem dolorum officiis harum. Quidem magni aperiam tenetur debitis nisi voluptate aspernatur. Minima doloremque neque quod.',1,1,'2001-04-13 12:42:01','2003-05-03 18:32:23'),(10,10,10,'Repudiandae omnis unde recusandae beatae molestiae alias. Perspiciatis hic maiores aut sunt libero repudiandae. Consequatur quisquam sit reiciendis maiores laborum ut. Officiis aut quis praesentium iure reprehenderit tempora neque.',1,0,'1979-07-01 13:46:59','2001-10-23 00:16:33'),(11,11,11,'In est eveniet esse fuga officiis soluta maxime. Iste quis labore aperiam aut autem alias animi. Cupiditate itaque doloribus rem.',0,0,'1971-03-16 08:17:14','1986-10-01 05:49:15'),(12,12,12,'Vitae libero dolorem sunt laboriosam odit. Cupiditate aut consequuntur harum dolor ipsam neque quia. Praesentium adipisci sit asperiores fugiat ut ea. Autem nihil in molestiae optio ex rem repellendus tempora.',0,0,'1996-09-16 10:22:06','2014-10-28 19:50:02'),(13,13,13,'Neque praesentium voluptas animi et eos. Aut nisi cumque nisi. Impedit fugiat repellat dignissimos rerum voluptatem suscipit. Incidunt doloribus eum ipsum voluptatibus fuga dolorem. Aperiam doloremque eos harum iusto labore ipsum.',0,0,'1990-12-04 16:53:06','1988-05-20 18:36:10'),(14,14,14,'Dolorum ipsum quis beatae omnis non doloremque cupiditate. Molestiae suscipit laborum aspernatur vitae et ipsam. Ea iure neque placeat blanditiis sit maiores dolor.',1,1,'2016-11-19 22:59:47','2019-02-08 15:37:16'),(15,15,15,'Eum blanditiis suscipit rerum animi voluptatum illo aut. Rerum excepturi dolores quisquam autem iure. Fugit laboriosam qui et molestias.',1,0,'1988-01-12 12:28:20','2003-07-04 18:20:20'),(16,16,16,'Dignissimos non dicta at. Ut officiis et consequuntur enim sequi. Eaque esse culpa aut quia velit. Aut tempore alias fuga nihil id ut.',0,0,'2007-08-21 07:33:11','1972-12-09 16:03:21'),(17,17,17,'Numquam delectus dolor dolorem enim quaerat enim. Alias unde placeat quos ab cumque et. Dolorem sapiente consequatur pariatur nisi eius nostrum.',1,1,'2014-01-04 21:12:52','1985-06-22 00:17:51'),(18,18,18,'Tempora alias facere ipsam suscipit sint. Et similique est ut voluptatem. Voluptas qui aperiam sit tempore cum.',0,0,'1977-12-05 03:34:01','1972-12-31 09:23:27'),(19,19,19,'Accusamus nobis aut eos error enim recusandae. Qui expedita fugit temporibus quia earum harum dolores quae. Aut id aut id repellat. Quasi hic cumque necessitatibus a. Optio debitis aliquam placeat eligendi aliquid.',0,1,'1994-01-26 15:41:11','1998-11-15 20:38:13'),(20,20,20,'Et qui quisquam repellendus. Dolorum similique quaerat veniam. Quaerat quas molestiae ipsam et dicta nisi voluptate. Maiores sunt nostrum rem voluptates.',1,1,'1995-09-07 23:12:46','1977-03-14 09:39:03'),(21,21,21,'Ea et ut quibusdam totam soluta et illo. Eaque et omnis minima quibusdam dolores. Expedita hic quo vel ut repellat cupiditate quae.',0,1,'2010-05-11 12:06:28','1983-12-08 14:59:11'),(22,22,22,'Eaque ut facilis enim iste nesciunt. Eum dolores non similique. Quaerat atque aut esse et et eius qui consequatur.',1,0,'2000-07-31 23:29:46','2019-09-05 14:01:51'),(23,23,23,'Doloremque nihil occaecati dignissimos ea molestias non in ad. Est veritatis ipsum reiciendis. Aut rerum sit sequi et quia fugiat. Dolorum natus nam quod ipsa ipsam est ut molestias.',0,0,'1998-01-18 02:29:27','1986-09-16 13:56:48'),(24,24,24,'Illo facilis non quidem voluptatem non. Et et placeat tempora consequatur possimus.',1,0,'2002-11-21 00:31:37','1997-05-29 13:06:55'),(25,25,25,'Quod nesciunt ipsum eum dolores inventore sed. Veritatis voluptas aut nobis voluptatem nobis consequatur ut. Quidem enim quia voluptate repellendus nisi dolorum est.',1,0,'1993-11-05 11:53:36','2015-05-09 16:05:48'),(26,26,26,'Rem dignissimos voluptate aperiam eos. Voluptas magni libero ab et ducimus.',1,1,'1996-08-13 02:18:11','1985-04-28 22:31:43'),(27,27,27,'Eos est provident iste sunt repellendus quas. Accusantium nisi dolore architecto soluta fuga esse incidunt. Id molestiae harum qui dignissimos.',0,1,'1971-03-12 01:28:36','1989-09-24 00:45:42'),(28,28,28,'Quisquam cumque qui accusantium aliquid sed doloribus aspernatur amet. Quo dolores distinctio rem fugiat ad expedita. Voluptate amet debitis officiis velit.',1,1,'2004-12-19 23:25:26','1974-12-02 00:45:28'),(29,29,29,'Veniam eligendi maxime beatae ea adipisci perspiciatis maiores. Voluptate quis voluptatum ut neque alias excepturi. Qui atque laborum et a officiis iure. Autem fugit dolor quae nobis iste ipsa. Ad ex consequatur assumenda repellendus.',0,1,'2015-01-27 02:21:53','1981-03-07 06:37:43'),(30,30,30,'Quaerat eos recusandae ex sit necessitatibus. Quibusdam quidem rerum mollitia consequatur est dolorum. Delectus officiis aspernatur id unde ut quaerat.',0,1,'2000-09-12 00:01:35','1988-06-07 20:22:51'),(31,31,31,'Culpa nemo nostrum molestiae tempore at. Nisi fugit deserunt vel laborum sed fuga omnis. Nesciunt nam consectetur aut voluptatem nobis temporibus.',0,1,'1984-03-02 10:54:02','1980-08-06 21:52:18'),(32,32,32,'Distinctio et et placeat harum placeat aut est. Molestiae labore veniam rerum ratione nisi at quod.',1,0,'2012-06-20 12:52:38','1980-08-23 03:21:11'),(33,33,33,'A vel eligendi dolores ex ut qui. Nisi est eius earum. Doloremque quia molestias odio distinctio velit quo quibusdam.',1,1,'2003-02-20 05:29:00','2009-09-30 00:01:43'),(34,34,34,'Repudiandae pariatur amet tenetur. Et pariatur velit velit deserunt aliquam asperiores. Occaecati possimus minima deserunt ducimus et deserunt libero.',1,1,'1992-11-19 01:53:22','1999-01-17 14:13:47'),(35,35,35,'Aut non nihil vel aut sint exercitationem quidem sint. Occaecati quod doloremque dolore placeat. Tempore dolores voluptatem ut maxime. Eveniet aut quibusdam dolores deleniti mollitia.',0,1,'1977-08-30 15:09:21','1976-09-21 18:31:42'),(36,36,36,'Et nobis et eaque non facere qui dolores. Iure ea aut sed illum voluptatibus. Eligendi dolorum ad et quo magnam sit nihil.',0,0,'1972-10-09 16:51:47','2011-04-18 19:08:14'),(37,37,37,'Officia earum sunt non excepturi labore adipisci fuga. Reiciendis corporis ea aspernatur nihil excepturi vel nihil expedita. Labore voluptas error cupiditate architecto. Beatae quo est beatae quasi eos qui neque.',0,0,'1975-01-12 15:42:24','2016-01-03 12:24:47'),(38,38,38,'Impedit illum consequatur iste necessitatibus officiis dolores. Itaque nihil ut ipsam quidem omnis. Consequatur eaque aut impedit dolor nobis minima.',0,0,'1980-09-16 12:59:06','1974-09-26 09:46:04'),(39,39,39,'Nam excepturi reiciendis commodi ullam accusamus. Nesciunt tempore voluptatem doloribus quo necessitatibus.',0,0,'1997-03-17 01:20:15','1983-08-14 19:33:22'),(40,40,40,'Ex placeat vel omnis explicabo nulla dolor. Eum harum accusantium quis vero officiis aut. Voluptates facere perferendis at aut adipisci esse.',0,0,'2003-11-20 05:50:14','1977-06-17 10:03:17'),(41,41,41,'Tenetur ea ut quo ut et culpa. Ea et cum esse a vel recusandae itaque natus. Dicta minus dolorum aut qui dolores sed mollitia.',0,1,'2014-10-15 01:19:06','2001-10-23 09:59:03'),(42,42,42,'Consequatur ut est non illum est. Aut in non accusantium non sed dicta. Molestiae aut maiores et non numquam ratione rem. Voluptas eum sequi eum amet. Asperiores placeat beatae accusantium consectetur nisi ut quidem.',0,1,'1983-08-03 07:13:16','1983-01-28 08:29:18'),(43,43,43,'Sunt et ipsa rem unde ut. Ut eaque est cupiditate quos id.',0,0,'1984-04-07 18:15:54','2019-04-25 11:57:56'),(44,44,44,'Ut et aut mollitia et asperiores itaque. Adipisci consectetur doloremque earum voluptas labore deleniti officiis. Est ratione enim qui incidunt soluta nihil. Voluptatem nihil et sapiente in sed nobis.',0,0,'1978-03-06 04:10:52','1986-09-08 14:24:20'),(45,45,45,'Et amet provident placeat. Minus sed error quasi reiciendis ut. Minima id neque nihil aperiam vero ducimus.',1,1,'1975-04-13 14:19:24','1980-02-04 17:40:47'),(46,46,46,'Reiciendis est quam doloremque id dolorem. Et vel autem ut excepturi ex quis. Dolor ut perferendis quisquam eveniet et voluptatem reprehenderit.',0,1,'1996-01-08 08:36:33','1998-04-20 18:25:52'),(47,47,47,'Nobis consequuntur voluptas aut non quasi. Placeat sed rerum dolor architecto ut necessitatibus magni. Facilis est magnam qui velit laudantium. Necessitatibus provident non non eum. Ab officia magni laborum autem quo amet.',1,0,'1983-10-10 22:55:13','2002-10-23 12:59:58'),(48,48,48,'Quam modi labore sit ut voluptatum facere. Quod alias quis porro at rem. Magnam quia quis eaque officiis ipsum incidunt. In voluptas dolorem maxime autem.',1,0,'2012-11-01 21:09:37','1973-08-30 08:13:17'),(49,49,49,'Nulla ut ex voluptates autem iure. Tenetur ut voluptatem nesciunt fugiat consequatur. Laboriosam amet assumenda sit aliquam quas laudantium. Quisquam veritatis iusto rerum ipsa. Aspernatur voluptatem expedita reprehenderit.',1,1,'2009-01-29 02:12:15','1992-01-07 19:33:24'),(50,50,50,'Atque voluptatem quibusdam repellendus similique ab. Doloribus tempore hic alias magni aperiam. Debitis aliquam id ut delectus alias voluptas nulla. Eveniet pariatur consequatur iste porro provident et modi.',1,0,'1995-01-10 16:25:19','2010-07-04 23:30:00'),(51,51,51,'Nihil esse totam veritatis et accusamus. Rerum omnis facere molestiae fugit. Voluptas culpa totam ut aut nam reprehenderit debitis nobis. Eveniet est vel ex eaque aut dignissimos sunt.',0,0,'2018-10-01 17:12:40','2003-06-05 00:56:42'),(52,52,52,'Ipsam fugit ipsa facere inventore adipisci voluptatem eum asperiores. Ut at ratione non et incidunt quaerat et eum. Unde perspiciatis et accusantium fugiat velit. Et qui tempora iure nostrum.',0,0,'2001-03-11 07:26:20','1977-01-21 02:37:09'),(53,53,53,'Fugit itaque laborum reiciendis nesciunt eaque dolorem. Ut debitis ipsa sint aperiam. Ut voluptatem voluptates consequatur commodi.',0,1,'1974-12-25 06:43:09','1977-03-27 02:33:49'),(54,54,54,'Et pariatur voluptas eaque minima voluptas pariatur aut. Totam sed commodi et fugiat minima deserunt assumenda. Odit autem fugit ut delectus neque delectus.',0,0,'1986-10-16 13:59:17','1990-02-07 05:49:46'),(55,55,55,'Deserunt accusamus voluptate beatae hic odit aut. Sequi quas recusandae ut placeat sint occaecati dolorem laborum. Quis dicta dolorum rerum rem aut ullam ex. Velit vero sint dolor maxime alias nulla maiores.',0,0,'2012-09-02 14:09:49','2020-01-11 17:15:08'),(56,56,56,'Cumque dolores vero ratione quisquam. Quam occaecati corrupti debitis nisi sit id. Expedita laudantium dolorem quis sed distinctio harum. Harum voluptatibus expedita dolores consequatur.',1,1,'1975-06-13 05:19:44','2004-04-15 14:20:41'),(57,57,57,'Ratione ut odio in ad eaque quam quas laboriosam. Sint excepturi in quas culpa. Itaque rerum qui dolore voluptate.',1,1,'1970-09-19 11:09:41','2012-07-21 14:00:47'),(58,58,58,'Et asperiores rerum impedit repellendus natus. Ut non molestiae similique rerum rerum nostrum temporibus. Autem commodi consequuntur quae quia. Sed sed non eum optio porro est.',1,0,'1980-05-21 11:41:48','2015-05-05 11:07:10'),(59,59,59,'Et voluptates rem in eligendi qui. Totam fugit excepturi cumque.',1,0,'1987-06-19 15:09:02','1983-11-04 08:54:51'),(60,60,60,'Doloribus fuga nam consectetur quaerat. Quod hic hic voluptates. Iusto neque ea et recusandae. Consectetur ut vitae qui.',1,0,'2004-02-29 13:36:17','2017-02-09 03:09:43'),(61,61,61,'Eos dolorum ex veritatis ea earum. Voluptate qui tempore earum quidem. Distinctio omnis pariatur excepturi ea qui neque. Delectus sint et architecto quod necessitatibus officia et.',1,1,'1996-01-04 22:51:18','1996-02-23 15:18:51'),(62,62,62,'Soluta cumque rerum quia dolorem in ut aliquam. Commodi iste corrupti officiis id. Inventore qui quos ullam aut. Ipsam dolorem quisquam adipisci atque.',1,1,'2017-04-03 08:14:54','1986-01-09 09:14:22'),(63,63,63,'Repudiandae eius quas perferendis modi. Asperiores occaecati id est labore. Ut id quis culpa culpa corrupti magni pariatur. Quos autem voluptatem repudiandae aut rerum nihil eos ullam.',0,1,'1994-08-28 13:05:18','1976-12-23 21:09:15'),(64,64,64,'Error autem ipsum nihil nam libero voluptatem earum. Facilis vel rerum harum harum architecto dignissimos non. Velit eos ut soluta neque. Odit deleniti excepturi dolorum.',1,1,'1984-06-29 22:18:04','2007-01-28 21:14:47'),(65,65,65,'Dicta exercitationem voluptatem et. Fugit dolores explicabo animi rerum necessitatibus sed. Et quis magni asperiores ullam qui sit quae. Odit dolorem vitae quia saepe nostrum cumque libero.',1,0,'1996-04-06 18:31:46','1974-08-01 06:15:34'),(66,66,66,'Reiciendis qui molestiae nihil ipsum quo quis. Qui consectetur eaque minima sed tenetur quis. Ea suscipit omnis facilis blanditiis quis.',0,1,'2019-03-31 15:29:59','2016-04-18 20:32:43'),(67,67,67,'Occaecati vel tempore harum eaque sequi velit qui. Voluptas illum dolores quis aut. Labore error corrupti sapiente nihil dolore est corrupti. Inventore omnis mollitia quas.',0,1,'1988-11-10 05:21:25','1982-03-22 16:16:30'),(68,68,68,'Saepe at voluptatem consequatur et. Aut dolores officiis quia omnis omnis alias. Sapiente accusamus non culpa voluptas.',0,0,'2015-03-14 18:11:54','1975-12-18 08:28:40'),(69,69,69,'Et tenetur consectetur et corrupti porro impedit ea. Rerum quod commodi maiores animi sit nulla. Et velit rerum odio dolor sit repellendus voluptatibus. Ut dolor voluptatem iste incidunt mollitia. Architecto aperiam laborum aut voluptatem quos vel.',1,0,'1991-11-19 10:52:28','1989-10-20 14:41:22'),(70,70,70,'Sint consequatur placeat delectus tempora. Accusamus accusamus tenetur ea mollitia ea minima. Aut ducimus corporis voluptatem nihil. Ipsam qui ea esse velit.',0,1,'1984-01-14 18:43:08','1992-01-09 18:25:19'),(71,71,71,'Sed dolorem voluptatem illo soluta et. Est aspernatur ut non excepturi. Dolores perspiciatis tempora incidunt ea pariatur accusamus. Unde sit quaerat et et sit eos unde.',0,0,'1988-12-16 08:18:59','2020-03-04 05:37:01'),(72,72,72,'Culpa nesciunt explicabo nesciunt. Ut ab sequi laborum dolores omnis. Eos nobis incidunt suscipit ipsum minima culpa quo.',0,0,'2010-12-31 20:02:57','2007-03-23 11:04:34'),(73,73,73,'Aut ipsum explicabo ea dolor in. Vel voluptates iusto et eum esse aliquid. Ex saepe eaque ut velit.',0,0,'1990-02-26 13:47:28','1980-04-02 08:35:16'),(74,74,74,'Autem voluptatem similique alias dolore. Velit sed aut omnis aut. Ratione laboriosam ratione dolorum molestiae earum cumque. Facere illum doloremque iste amet non sed.',1,1,'1993-11-30 12:17:49','1999-12-08 06:07:05'),(75,75,75,'Ut suscipit sequi et omnis aut sint. Tenetur repellendus itaque possimus. Eveniet qui ut ipsum. Sunt enim amet voluptatibus soluta nesciunt et magni voluptatum. Eos mollitia suscipit qui neque ut et.',1,0,'2011-10-01 20:47:29','2006-09-28 09:26:02'),(76,76,76,'Alias tenetur nisi et et tempore. Ducimus nisi ipsam rerum ut. Consectetur fugiat voluptatem error occaecati labore quo nihil. Eos magni ut maxime ullam et vel minima.',0,1,'1996-12-03 22:52:38','1998-04-21 02:02:19'),(77,77,77,'Architecto sapiente animi et ut. Animi hic quo perspiciatis aut qui ab. Veniam qui rem commodi nisi. Perspiciatis rerum architecto assumenda magnam.',1,1,'2002-08-11 15:00:53','2007-12-12 03:26:52'),(78,78,78,'Non minus ut praesentium dicta exercitationem. Tempora animi magnam quia in.',0,0,'1999-01-15 20:52:36','2002-05-25 05:01:26'),(79,79,79,'Dolorem eaque quia corrupti odio. Enim corporis sunt alias. Ex perferendis asperiores exercitationem pariatur et. Exercitationem dolor enim recusandae dolor corporis quasi ut.',1,0,'2003-11-03 02:35:55','1975-01-14 23:52:33'),(80,80,80,'Quia rerum qui voluptas sequi sunt. Voluptates ipsam consequatur totam corporis voluptatibus. Quos animi facere aperiam.',1,0,'1981-07-26 23:52:49','2014-11-30 07:05:47'),(81,81,81,'Enim iste harum illo rerum consequuntur nemo iste et. Aperiam eos aut numquam. Distinctio rerum laboriosam earum et corrupti. Sed non pariatur sunt.',0,1,'2019-03-28 06:56:09','2016-12-23 18:10:27'),(82,82,82,'Officia in consequatur omnis ea ullam voluptatem. In ipsa voluptas aliquid molestiae vel. Voluptatem impedit tempore eligendi ea corporis qui et ab.',0,1,'1989-03-03 14:38:16','1982-04-12 17:12:42'),(83,83,83,'Sit expedita commodi expedita dolor quidem dolores ipsum. Et aliquam alias qui dolores voluptas facilis. Accusamus modi officiis provident. Consectetur vel ipsam repellat cum error voluptas nihil.',1,0,'2009-08-11 06:16:27','2006-11-22 02:45:27'),(84,84,84,'Ut perspiciatis quod quis voluptas enim perferendis. Porro quibusdam mollitia commodi a ullam dolorum magnam nam. Eaque natus corporis impedit ducimus doloribus optio ut id. Perferendis neque repellendus debitis doloremque soluta aut natus ipsum.',0,1,'2000-03-17 15:43:23','1977-05-29 12:23:51'),(85,85,85,'Totam hic provident et quae veritatis quas. Officia omnis saepe dolorem quia qui maxime.',0,1,'1974-06-28 23:22:45','2010-05-10 06:31:15'),(86,86,86,'Beatae quod in sint atque. Quisquam repellat consequatur hic enim provident eveniet. Provident exercitationem molestias quia quia ad.',1,0,'1990-01-02 00:00:40','1993-07-27 18:48:17'),(87,87,87,'In voluptas id alias ipsum nihil. Omnis quis quam quae optio a. Dolore est tenetur velit. Odit itaque ab est accusamus consectetur.',0,0,'1979-07-05 01:40:58','1993-11-28 06:32:24'),(88,88,88,'Eos quod alias quis vel pariatur corrupti. Earum quas ea nobis voluptatem delectus fugiat ipsa. In minima voluptates excepturi optio.',1,1,'2018-07-06 10:47:03','2007-11-16 22:58:09'),(89,89,89,'Quis exercitationem et possimus blanditiis quo velit. Voluptatem blanditiis ea voluptatem sapiente est magni labore ut. Cumque quas est consequatur sequi minima itaque.',1,0,'2002-05-24 21:03:39','1987-02-27 15:24:20'),(90,90,90,'Et iste laboriosam quas tenetur et. Exercitationem totam et soluta dolores. Aut quo natus ea libero exercitationem qui porro. Est recusandae nulla qui ex velit eveniet.',0,1,'1970-11-27 01:57:01','1982-05-10 20:54:06'),(91,91,91,'Reprehenderit officia rerum voluptatem eaque tempore facilis. Omnis dolorem fugiat possimus tempora. Explicabo autem incidunt voluptates odit error dolor. Unde amet sed id hic alias modi.',0,1,'2009-12-28 04:21:10','2007-01-28 20:09:27'),(92,92,92,'Veniam eveniet iusto distinctio velit labore voluptates. Ratione dolorem et nostrum. Eligendi voluptatum sapiente debitis quae dolorum inventore aut.',1,0,'1987-12-19 22:51:01','1977-04-16 11:10:24'),(93,93,93,'Veritatis voluptatum voluptatibus doloribus rerum maxime itaque quia. Esse expedita nostrum est at ipsam ab recusandae. Voluptatem et odit nisi dolor magni. Ipsam voluptatum eum libero sequi laboriosam.',0,1,'1981-08-03 14:36:57','1976-03-22 16:43:45'),(94,94,94,'Adipisci dolore ut totam mollitia nisi explicabo. Et aut eum culpa magnam sint sunt omnis aperiam. In repudiandae repudiandae optio similique.',1,0,'1988-08-12 00:37:22','1998-03-28 00:44:44'),(95,95,95,'Commodi nesciunt qui blanditiis illum quod. Deserunt quasi aliquam voluptas facere accusamus id.',0,0,'1995-11-07 08:11:13','2001-12-01 12:49:10'),(96,96,96,'Inventore eligendi debitis illum reprehenderit est nihil maiores. Reiciendis expedita voluptatum qui corporis velit est. Velit quia voluptas sunt quia laudantium molestiae deleniti.',0,0,'2019-11-13 05:58:36','2008-07-09 06:18:16'),(97,97,97,'Ea reiciendis perspiciatis hic omnis. Nulla velit culpa consequuntur nesciunt occaecati necessitatibus pariatur. Dolor ut excepturi sit non rerum amet.',1,1,'2018-11-22 18:50:30','1996-04-03 01:40:42'),(98,98,98,'Non qui accusamus voluptatibus. Quisquam provident placeat debitis suscipit et repellendus. Et ab et perferendis aut ipsam nostrum et.',1,0,'2004-05-15 23:17:35','2018-10-08 21:36:38'),(99,99,99,'Quos eligendi eius omnis quisquam saepe. Et voluptatibus qui fugiat quo consequatur quibusdam ab.',0,0,'1982-01-17 14:46:26','2020-02-26 21:01:41'),(100,100,100,'Sint rerum necessitatibus necessitatibus consequuntur quo non magni. Rerum eum maiores nobis accusamus et. Fugiat totam deleniti tempore dolor perspiciatis perspiciatis vero. Aut corrupti ut dolorem veniam quo.',0,0,'2009-07-30 12:42:17','1984-11-01 13:14:05');
/*!40000 ALTER TABLE `messages` ENABLE KEYS */;
UNLOCK TABLES;

--
-- Table structure for table `profiles`
--

DROP TABLE IF EXISTS `profiles`;
/*!40101 SET @saved_cs_client     = @@character_set_client */;
/*!50503 SET character_set_client = utf8mb4 */;
CREATE TABLE `profiles` (
  `user_id` int unsigned NOT NULL COMMENT 'Ссылка на пользователя',
  `gender` char(1) CHARACTER SET utf8mb4 COLLATE utf8mb4_unicode_ci NOT NULL COMMENT 'Пол',
  `birthday` date DEFAULT NULL COMMENT 'Дата рождения',
  `photo_id` int unsigned DEFAULT NULL COMMENT 'Ссылка на основную фотографию пользователя',
  `status` varchar(30) CHARACTER SET utf8mb4 COLLATE utf8mb4_unicode_ci DEFAULT NULL COMMENT 'Текущий статус',
  `city` varchar(130) CHARACTER SET utf8mb4 COLLATE utf8mb4_unicode_ci DEFAULT NULL COMMENT 'Город проживания',
  `country` varchar(130) CHARACTER SET utf8mb4 COLLATE utf8mb4_unicode_ci DEFAULT NULL COMMENT 'Страна проживания',
  `created_at` datetime DEFAULT CURRENT_TIMESTAMP COMMENT 'Время создания строки',
  `updated_at` datetime DEFAULT CURRENT_TIMESTAMP ON UPDATE CURRENT_TIMESTAMP COMMENT 'Время обновления строки',
  PRIMARY KEY (`user_id`)
) ENGINE=InnoDB DEFAULT CHARSET=utf8mb4 COLLATE=utf8mb4_unicode_ci COMMENT='Профили';
/*!40101 SET character_set_client = @saved_cs_client */;

--
-- Dumping data for table `profiles`
--

LOCK TABLES `profiles` WRITE;
/*!40000 ALTER TABLE `profiles` DISABLE KEYS */;
INSERT INTO `profiles` VALUES (1,'','1990-03-12',4,'Voluptate voluptate voluptatem','East Margarete','Serbia','2017-10-31 08:37:09','1981-12-27 21:31:36'),(2,'','2007-11-11',9,'Eius omnis reprehenderit reici','Toyport','Cuba','2007-03-23 19:08:02','1984-02-18 14:17:16'),(3,'','2013-04-03',4,'Mollitia maxime repellat volup','South Johnnie','Kazakhstan','1990-06-14 08:15:47','1996-12-23 05:56:41'),(4,'','1970-09-15',7,'Est perferendis hic minima. Ha','Jeromyton','Romania','2020-04-19 19:45:52','2004-08-11 07:56:35'),(5,'','1995-11-01',3,'Quaerat sunt nulla consequuntu','Jerodmouth','Dominica','1986-09-20 16:47:11','1986-11-30 04:43:19'),(6,'','2015-07-20',3,'Blanditiis repellat perferendi','South Jessikamouth','Rwanda','1972-05-05 01:30:42','1983-12-20 17:59:31'),(7,'','1976-01-21',1,'Ab tempora molestiae aut. Ulla','D\'Amoreborough','Morocco','1983-04-12 01:17:49','2016-07-31 09:53:21'),(8,'','2017-02-20',5,'Repellendus quia dolor velit r','Dominiquebury','Azerbaijan','1978-01-23 15:30:24','1972-07-01 08:48:19'),(9,'','1991-03-06',7,'Accusamus blanditiis vel conse','Romaineside','Burkina Faso','2001-09-12 14:45:15','1986-12-30 14:04:01'),(10,'','2015-02-05',2,'Et nulla ipsa rerum exercitati','Lake Riverfort','Australia','1996-01-05 07:05:11','2013-02-23 09:14:13'),(11,'','1975-08-23',1,'Repellat dicta omnis est dolor','Tannerstad','Comoros','2008-02-15 04:38:57','2000-04-04 00:00:34'),(12,'','1976-03-23',2,'Architecto earum et aut pariat','Mallieshire','Botswana','2019-11-22 00:08:51','1990-06-21 03:57:39'),(13,'','1974-02-12',1,'Ea corporis itaque fugiat dict','Hintzfort','Sudan','2006-06-12 08:29:03','1974-01-12 07:58:28'),(14,'','1973-12-02',1,'Autem esse officia quaerat eiu','Reingerside','Georgia','2013-11-10 21:20:58','1973-03-30 14:41:11'),(15,'','2016-05-27',8,'Ipsa itaque quam ut non. Rerum','East Marcelinabury','Greenland','1976-09-09 19:31:16','1996-08-03 04:52:14'),(16,'','1996-07-17',9,'Eveniet quis eos quibusdam ius','West Jameychester','Antarctica (the territory South of 60 deg S)','1976-04-19 06:29:22','1987-10-30 12:14:33'),(17,'','1989-02-03',2,'Quo consequuntur nostrum velit','Port Jasen','Guernsey','2004-07-01 17:08:31','1971-01-01 09:36:38'),(18,'','1971-08-20',7,'Officiis labore quod totam omn','New Aftontown','Slovenia','1970-11-19 15:06:17','2016-08-16 06:45:22'),(19,'','2006-04-30',9,'Neque unde dolor repudiandae s','Port Emilymouth','Guinea','2005-03-24 20:52:59','1970-08-27 06:33:49'),(20,'','1983-04-15',9,'Est ipsa magni eos non eveniet','Andrewhaven','Rwanda','1985-05-02 18:48:29','1970-07-29 20:52:18'),(21,'','1975-07-21',4,'Laudantium tempore rerum harum','East Malika','Chile','1995-05-30 19:02:50','1987-03-31 06:08:47'),(22,'','2012-12-18',5,'Omnis et ea quo error sapiente','Hettingerton','Yemen','1978-07-22 07:29:23','2010-12-05 08:44:42'),(23,'','2003-04-08',9,'Eos dolores praesentium praese','South Garfieldmouth','Jamaica','1973-09-16 03:55:35','1977-06-27 18:29:11'),(24,'','1973-04-05',5,'Et aspernatur officia earum ut','Port Name','Libyan Arab Jamahiriya','1988-07-19 23:40:26','1993-11-02 11:12:27'),(25,'','1984-06-08',1,'Quia ut sed nisi provident cor','Port Maxbury','Palestinian Territory','2019-10-04 21:23:06','2004-05-28 19:26:31'),(26,'','2018-06-02',7,'Occaecati laborum eos consequa','South Elisa','Argentina','1987-09-30 20:05:35','1978-05-12 07:11:32'),(27,'','1989-06-28',1,'Esse sequi odio minima ut. Dol','Sheilaton','Lao People\'s Democratic Republic','1970-01-08 22:21:20','2014-08-23 17:36:20'),(28,'','1993-06-18',2,'Eligendi nobis est non et est ','Lake Noble','Aruba','2010-11-11 00:55:38','2005-08-12 20:48:29'),(29,'','2015-10-27',4,'Recusandae sunt nihil dolor ad','Keelingport','French Polynesia','1995-01-01 18:17:25','2012-02-18 10:58:13'),(30,'','1972-12-04',7,'Totam repellat totam accusamus','Lake Reyton','New Caledonia','1997-12-26 10:17:33','1971-09-07 06:33:27'),(31,'','1987-04-03',8,'Harum mollitia dolorem accusan','West Rosalyn','Pitcairn Islands','2011-01-10 04:11:56','1977-05-28 04:42:19'),(32,'','1973-09-10',1,'Explicabo voluptas quisquam la','Jeaniemouth','Wallis and Futuna','1999-04-15 14:42:44','1994-07-06 12:46:34'),(33,'','1982-04-07',6,'Adipisci provident sit quae as','Keshawnhaven','Gambia','1983-07-17 16:24:10','1997-01-10 20:48:29'),(34,'','1991-05-28',8,'Et exercitationem voluptatem d','Minatown','Saint Pierre and Miquelon','1992-06-06 02:32:36','1989-12-21 02:13:39'),(35,'','2006-03-29',1,'Aut et ut ea maiores non moles','Reichelborough','Palestinian Territory','1983-07-23 07:01:42','2004-05-29 18:21:57'),(36,'','1992-09-05',4,'Facilis reiciendis eum sed off','South Retaport','Brazil','1991-04-04 10:42:41','1974-02-18 16:15:23'),(37,'','2015-01-18',4,'Numquam ut molestiae minus inv','West Eleanorachester','Turkey','2009-01-29 21:58:35','1987-04-28 06:40:16'),(38,'','2016-05-11',5,'Rerum autem in ea tenetur. Est','Abbeyberg','Netherlands Antilles','1972-10-29 23:25:39','2011-12-30 03:12:19'),(39,'','1993-01-23',9,'Voluptates sit reprehenderit r','Mitchellland','Qatar','1985-08-04 16:59:01','1999-07-10 14:02:53'),(40,'','2008-09-19',6,'Et quod dolores error cumque a','Magnusland','Palestinian Territory','2005-06-23 23:56:26','2011-02-16 21:06:37'),(41,'','1981-01-25',1,'Quas facilis vero quam omnis e','Port Jazlynland','Norway','1975-08-15 14:52:25','1992-08-17 14:26:49'),(42,'','1987-02-14',8,'Delectus molestiae rem volupta','Schaefertown','Turks and Caicos Islands','2007-11-11 22:03:54','1987-01-18 22:36:01'),(43,'','1983-09-13',8,'Maxime ut rerum aut fuga nostr','East Israel','Nicaragua','2003-05-04 09:15:55','1980-04-19 18:41:53'),(44,'','2019-10-28',8,'Et quos repellendus qui qui a ','West Krystinachester','Panama','1972-03-28 15:27:30','2012-03-09 18:43:17'),(45,'','1972-09-16',8,'Qui ad earum dolor dolor earum','Lake Lawrence','Saudi Arabia','1992-06-22 16:03:06','1973-06-12 03:43:41'),(46,'','1984-06-02',4,'Unde libero commodi autem cons','Marquesport','Greece','1999-11-18 22:09:16','2016-06-28 08:49:16'),(47,'','2015-06-10',8,'Nobis dicta et odit minima per','Dustinborough','Gabon','1986-09-21 15:58:17','1978-07-28 23:41:58'),(48,'','1997-07-22',9,'Aliquid consequatur est aperia','North Dina','Mali','1999-08-29 05:17:39','1988-09-14 13:18:11'),(49,'','1998-01-21',8,'Et asperiores odio rerum conse','South Enidville','Korea','2006-08-02 16:15:24','1996-02-28 13:02:24'),(50,'','2019-05-08',1,'Dolor repellendus consequuntur','Zoeyfort','Brazil','2017-05-08 07:49:25','1985-04-14 08:19:47'),(51,'','1988-01-17',7,'Eos nobis quisquam incidunt di','Port Martinaberg','United Arab Emirates','1986-12-24 22:46:20','2002-12-06 13:07:55'),(52,'','2000-05-30',9,'Dolores et minima assumenda. F','North Lilaburgh','Argentina','2006-07-24 16:08:54','2013-06-12 04:26:23'),(53,'','1985-03-04',9,'Iste et rerum mollitia dolores','South Roscoe','Barbados','1982-05-08 11:56:09','2019-06-14 19:59:07'),(54,'','1992-04-21',5,'Et ipsam voluptates vel ipsum ','Port Florinetown','Azerbaijan','2013-04-04 21:11:13','2000-09-27 00:38:04'),(55,'','2000-03-17',7,'Perferendis laboriosam quia et','Port Abdultown','Lao People\'s Democratic Republic','1986-04-23 12:03:50','1977-10-29 00:14:29'),(56,'','2002-12-07',9,'Unde esse aperiam officia dele','Abshirechester','Cook Islands','2000-03-02 01:36:14','2006-11-14 22:03:41'),(57,'','1983-03-18',7,'Sed officia dolorem facilis ip','Framihaven','Canada','1972-12-31 13:43:21','2020-06-21 16:46:28'),(58,'','2014-06-10',3,'Deleniti ex dolorum velit ut. ','East Christinestad','Malaysia','1985-09-21 19:27:12','1976-09-07 21:46:14'),(59,'','1973-09-26',9,'Laborum repellat et neque arch','Jacobsonstad','Comoros','1989-06-03 00:05:42','1992-09-25 17:29:55'),(60,'','1991-05-10',3,'Eum alias voluptates dolore re','Lake Nasirview','Burundi','1988-02-08 10:40:21','2000-09-09 04:12:31'),(61,'','2018-01-14',1,'Deserunt id eveniet explicabo ','Port Myrtie','Mayotte','1972-12-08 04:47:53','1996-11-13 01:09:11'),(62,'','1988-06-03',9,'Inventore dolores ea et facere','Blickton','Bermuda','1993-05-31 10:33:12','2017-03-05 21:43:52'),(63,'','1984-01-21',5,'Voluptates animi consequatur u','Alfredofort','Sierra Leone','2007-06-24 00:32:49','1979-09-12 11:14:33'),(64,'','2011-07-08',2,'Quis sit perferendis et aut. O','East Tracy','Italy','1977-05-25 05:13:17','2010-08-23 03:17:11'),(65,'','1982-09-03',6,'Ut consequuntur amet est rerum','Hilpertside','Cameroon','1984-12-30 06:05:38','2000-04-03 19:01:28'),(66,'','1987-09-17',1,'Omnis enim aut officiis iusto ','Christiansenfort','Wallis and Futuna','2000-04-16 06:47:12','1989-12-16 03:47:06'),(67,'','1979-04-14',6,'Dolores dolor accusamus odio l','Schroederberg','Saint Helena','1987-12-05 13:11:55','2020-07-06 04:54:04'),(68,'','2004-08-15',7,'Qui tempora voluptatem volupta','Lake Jalynmouth','Gabon','2000-01-04 15:22:15','2000-07-24 00:59:46'),(69,'','1999-10-13',6,'Nostrum dolorem dignissimos de','Jazlynville','Estonia','2006-09-18 03:30:46','1975-10-29 15:40:21'),(70,'','1990-10-14',1,'Quia nobis explicabo ut repreh','Osinskiville','Korea','1983-11-28 20:07:51','1998-02-28 13:25:33'),(71,'','2003-03-23',7,'Ut quod voluptate id in est. U','South Lamontland','Peru','2017-11-19 05:06:04','2018-06-27 05:16:10'),(72,'','1970-12-04',3,'Omnis voluptatem exercitatione','South Frank','Aruba','1993-11-05 05:26:23','1970-01-18 20:48:52'),(73,'','1993-06-30',2,'Quae et ut et molestiae repreh','East Jacynthebury','Zambia','1985-10-21 23:39:33','1999-05-12 00:16:40'),(74,'','2012-01-01',7,'Quibusdam libero deleniti solu','South Kip','Georgia','1995-12-23 23:19:17','2006-12-09 11:35:40'),(75,'','2018-06-08',5,'Assumenda odio iure aut. Volup','Lake Clementine','New Zealand','1985-11-16 13:04:38','1998-10-05 20:11:15'),(76,'','1988-03-16',2,'Qui atque perferendis et id qu','New Garnettown','Aruba','2018-06-11 19:03:36','2006-08-16 00:05:58'),(77,'','2005-05-26',2,'Et sunt sed nostrum et beatae.','East Merle','Martinique','1994-11-17 20:11:14','2017-09-02 14:34:01'),(78,'','1991-12-07',4,'Quo eveniet molestiae et tempo','Cristville','Ireland','1982-07-23 09:02:40','1979-11-25 21:32:56'),(79,'','1985-02-06',7,'Natus perspiciatis dolor saepe','North Sheila','Burundi','1995-05-21 09:13:15','1973-02-21 11:41:37'),(80,'','1990-09-12',4,'Aspernatur beatae sequi minus ','Hollyshire','Morocco','2021-01-13 08:32:37','2014-10-15 19:58:26'),(81,'','1994-03-07',9,'Beatae itaque molestiae mollit','East Diamondmouth','Saint Vincent and the Grenadines','1983-09-17 22:04:19','1998-05-17 14:30:01'),(82,'','1982-05-15',3,'At rerum molestiae quis quas d','Darefort','Aruba','1979-09-22 07:57:23','2013-03-19 13:40:40'),(83,'','2001-03-13',3,'Provident accusamus sint conse','Port Archibaldport','South Africa','1992-04-06 00:31:47','2007-06-14 08:48:03'),(84,'','2018-12-26',7,'Exercitationem quis blanditiis','East Giovanny','Isle of Man','1974-05-13 06:16:25','2000-04-08 04:47:33'),(85,'','1998-10-20',6,'Quis suscipit et quas omnis sa','New Edmundmouth','American Samoa','2015-07-24 09:33:37','1976-08-14 16:17:10'),(86,'','1980-12-04',5,'Quo provident minus necessitat','New Jessy','British Indian Ocean Territory (Chagos Archipelago)','1980-05-26 08:01:47','1970-10-02 02:05:24'),(87,'','1979-06-01',1,'Vel quas debitis ipsam ipsa be','Myrlmouth','Western Sahara','1989-09-09 14:27:48','1999-01-28 22:19:47'),(88,'','1994-07-18',8,'Dolores vitae eaque aut. Est q','Lake Mathewmouth','Malaysia','2008-04-28 07:25:34','1976-11-09 13:23:13'),(89,'','1994-04-11',9,'Corrupti vel exercitationem of','Margaritaberg','Saint Helena','1976-09-23 12:28:54','1970-06-20 18:03:21'),(90,'','1986-10-13',9,'Deserunt velit odit nesciunt m','Bernierberg','Suriname','1978-11-25 16:53:40','1993-06-12 08:19:07'),(91,'','1996-12-10',2,'Itaque eaque distinctio quos c','Wiegandshire','Myanmar','1970-05-02 12:58:04','2000-01-13 02:36:53'),(92,'','2005-10-30',8,'Aut vel omnis sed molestiae co','Port Raymundoton','Brazil','2002-06-01 07:45:12','1994-07-07 01:41:56'),(93,'','1984-12-03',5,'Autem nemo enim error porro ma','Port Annabel','New Caledonia','1974-09-29 15:57:02','1987-12-18 21:06:20'),(94,'','2012-10-09',2,'Eum et quod sed. Cupiditate au','South Isaias','Slovakia (Slovak Republic)','2005-08-15 10:14:19','1980-05-15 21:49:36'),(95,'','2020-01-08',6,'Reiciendis veniam ullam tempor','Lake Nathentown','Haiti','1995-03-27 08:46:27','1972-04-24 10:16:16'),(96,'','1983-07-28',1,'Qui quidem facilis ex. Quaerat','Linwoodstad','Fiji','2010-01-15 14:21:14','2006-03-03 21:27:35'),(97,'','1994-11-13',7,'Reiciendis qui velit eum non e','Predovicshire','Antigua and Barbuda','1995-12-23 01:09:54','2009-09-19 19:40:17'),(98,'','1980-10-04',2,'Qui ipsum animi modi consectet','Port Shaylee','Christmas Island','1994-02-27 01:26:09','1972-01-16 05:02:36'),(99,'','1981-03-20',6,'Autem saepe debitis aut dolore','Howestad','Guinea','1999-12-10 08:18:43','2008-04-28 12:15:27'),(100,'','1991-10-09',6,'Quaerat voluptas reprehenderit','Lake Kevenhaven','Botswana','1991-02-13 22:32:40','2019-12-20 05:23:07');
/*!40000 ALTER TABLE `profiles` ENABLE KEYS */;
UNLOCK TABLES;

--
-- Table structure for table `users`
--

DROP TABLE IF EXISTS `users`;
/*!40101 SET @saved_cs_client     = @@character_set_client */;
/*!50503 SET character_set_client = utf8mb4 */;
CREATE TABLE `users` (
  `id` int unsigned NOT NULL AUTO_INCREMENT COMMENT 'Идентификатор строки',
  `first_name` varchar(100) CHARACTER SET utf8mb4 COLLATE utf8mb4_unicode_ci NOT NULL COMMENT 'Имя пользователя',
  `last_name` varchar(100) CHARACTER SET utf8mb4 COLLATE utf8mb4_unicode_ci NOT NULL COMMENT 'Фамилия пользователя',
  `email` varchar(100) CHARACTER SET utf8mb4 COLLATE utf8mb4_unicode_ci NOT NULL COMMENT 'Почта',
  `phone` varchar(100) CHARACTER SET utf8mb4 COLLATE utf8mb4_unicode_ci NOT NULL COMMENT 'Телефон',
  `created_at` datetime DEFAULT CURRENT_TIMESTAMP COMMENT 'Время создания строки',
  `updated_at` datetime DEFAULT CURRENT_TIMESTAMP ON UPDATE CURRENT_TIMESTAMP COMMENT 'Время обновления строки',
  PRIMARY KEY (`id`),
  UNIQUE KEY `email` (`email`),
  UNIQUE KEY `phone` (`phone`)
) ENGINE=InnoDB AUTO_INCREMENT=101 DEFAULT CHARSET=utf8mb4 COLLATE=utf8mb4_unicode_ci COMMENT='Пользователи';
/*!40101 SET character_set_client = @saved_cs_client */;

--
-- Dumping data for table `users`
--

LOCK TABLES `users` WRITE;
/*!40000 ALTER TABLE `users` DISABLE KEYS */;
INSERT INTO `users` VALUES (1,'Kolby','Crooks','hkunde@example.net','221.469.0677x375','1988-01-02 10:08:55','2010-02-12 18:22:42'),(2,'Shyanne','Kovacek','hansen.antwan@example.net','075-103-2360x7127','1983-09-11 15:22:12','1998-07-05 12:01:34'),(3,'Minerva','Lehner','minerva66@example.net','(119)563-6423x92155','2012-03-26 00:35:48','1973-01-31 19:22:19'),(4,'Clarissa','Roberts','alfreda.walker@example.net','118.909.9727x9202','2007-05-28 06:38:37','1983-11-17 17:09:38'),(5,'Angela','Rippin','collier.rudy@example.org','+22(3)1364685858','1987-08-12 14:12:29','1973-04-14 00:43:39'),(6,'Jovany','Bogan','juwan85@example.net','05499937501','2009-12-14 20:21:17','1995-02-09 20:28:07'),(7,'Leonora','Zboncak','kariane.hand@example.com','(038)167-2725x1770','1972-01-02 00:10:51','2016-01-05 03:06:33'),(8,'Johann','Keebler','trinity.fadel@example.org','1-811-915-3134x0112','2004-04-03 23:00:39','1981-04-05 20:49:57'),(9,'Watson','Russel','lhermann@example.org','1-277-169-6009x698','1971-04-15 22:57:22','2013-06-09 04:53:54'),(10,'Else','Carroll','pfannerstill.hubert@example.net','131.790.7948x5692','2001-07-18 15:18:37','2009-07-12 17:48:05'),(11,'Edward','Considine','maynard58@example.org','580.643.3345','2009-10-10 15:52:21','1983-06-26 00:13:20'),(12,'Lera','Wunsch','murray33@example.com','(712)972-4397x46966','1977-03-13 19:58:26','1974-11-30 16:59:03'),(13,'Mariana','Romaguera','lamar.harber@example.com','(119)409-4348x19233','1994-05-26 17:09:55','2000-06-16 17:36:35'),(14,'Nathan','Marvin','lorenzo.bins@example.net','1-858-224-1478x1516','1972-04-27 01:32:22','2015-05-27 21:56:41'),(15,'Burnice','Schimmel','batz.serenity@example.com','1-399-939-0660','1970-07-22 16:32:43','1996-04-23 15:27:16'),(16,'Damian','Grady','brown.bria@example.org','169-768-7368x8796','1996-07-09 02:20:10','1989-06-09 14:37:19'),(17,'Onie','Rodriguez','wherman@example.net','760-379-5328x83574','2007-09-27 09:47:45','1978-05-09 05:40:04'),(18,'Cleo','Williamson','ismael21@example.net','(375)923-8884x777','1988-01-14 21:01:52','2008-01-06 16:49:05'),(19,'Darlene','Hamill','odietrich@example.org','(191)777-1291x01753','2001-04-11 23:09:41','1977-01-03 12:50:57'),(20,'Minnie','Lemke','thartmann@example.net','08610368489','2013-06-24 05:28:32','1971-10-27 21:25:31'),(21,'Kitty','Hirthe','emmerich.delbert@example.com','1-044-363-2766x63986','1980-12-31 06:14:55','2007-08-30 18:13:21'),(22,'Orpha','Koelpin','bennett.cummings@example.org','268.851.1973x2585','2016-03-20 02:35:10','2019-11-10 17:36:02'),(23,'Colleen','Hilll','lbednar@example.com','1-018-445-9115x5981','1975-07-06 09:01:37','1997-01-02 13:00:24'),(24,'Ova','Waelchi','irving.haley@example.com','(951)718-9619x0869','1999-11-25 05:30:28','1992-08-18 00:36:49'),(25,'Kaylee','Senger','marquis.gibson@example.net','(256)762-8061x46238','1975-12-07 10:08:30','1979-10-25 20:13:41'),(26,'Lavonne','Gaylord','scarlett48@example.com','+88(6)1342372739','2004-11-08 08:04:09','1992-07-04 00:04:54'),(27,'Simone','Donnelly','vwintheiser@example.org','(148)315-9238x890','1994-02-02 03:55:23','2017-05-08 18:16:23'),(28,'Sam','Connelly','zchamplin@example.com','1-995-137-9642','2006-06-30 15:04:32','1982-11-17 16:56:55'),(29,'Kendall','Collier','amya.ondricka@example.net','(780)557-9347','2007-07-26 01:18:43','2017-12-10 02:16:04'),(30,'Fritz','Toy','ylittel@example.net','08427955263','1985-09-14 10:46:29','2012-04-29 16:00:46'),(31,'Cristina','Rippin','osbaldo72@example.com','1-993-677-1333x6277','1989-09-29 16:31:52','2021-02-22 17:58:21'),(32,'Jackie','Kulas','alyce02@example.org','07104090996','1970-10-17 03:57:01','1990-09-16 19:39:47'),(33,'Adela','Williamson','wherzog@example.org','+57(3)0066963256','2013-09-07 09:55:07','1986-05-28 13:46:35'),(34,'Madison','Witting','daniela57@example.org','(077)056-9322x6668','2018-03-25 03:13:04','2001-01-09 09:19:17'),(35,'Carlotta','Weber','danielle50@example.net','1-743-603-1111x8629','1995-12-05 01:03:07','2003-12-22 20:42:52'),(36,'Cordie','Torphy','anolan@example.net','(550)543-2741x6458','2007-08-09 09:22:22','1995-05-02 10:58:49'),(37,'Javier','Hammes','monica41@example.com','(426)128-6866x05042','1983-12-28 20:34:35','1985-09-07 04:14:02'),(38,'Kenton','Ward','yoshiko.gaylord@example.org','212-064-7255x39499','1987-11-22 00:13:51','1975-03-28 12:30:09'),(39,'Wilfred','Baumbach','ehermiston@example.org','350-762-1826x0998','1997-01-01 12:45:55','1973-10-24 20:24:44'),(40,'Lexus','Brakus','birdie.lesch@example.com','+09(9)3248815635','1983-11-08 12:15:50','1970-11-29 14:30:56'),(41,'Carey','Windler','joseph58@example.net','184.522.1062x691','2017-08-07 01:55:55','2017-04-30 08:08:34'),(42,'Heather','Bergnaum','tabitha.herman@example.org','1-325-384-4123','2020-07-05 22:51:53','1990-10-22 10:18:15'),(43,'Vella','Lubowitz','oleta52@example.com','182-384-8277x982','1990-11-17 10:51:56','1996-10-21 20:42:05'),(44,'Braeden','Connelly','dicki.elenor@example.org','350.543.8047x803','2018-10-11 07:41:27','2001-01-03 23:26:55'),(45,'Nils','Kertzmann','abdullah41@example.com','(596)204-7083x8455','2011-07-09 13:23:00','2002-06-19 04:29:53'),(46,'Ebony','Cronin','llittle@example.com','1-680-163-4576x10976','2006-03-11 03:55:04','1980-05-20 17:47:25'),(47,'Perry','Kuhic','gerlach.dessie@example.org','624.888.9579x205','1971-10-02 00:45:40','1983-04-28 01:01:41'),(48,'Darryl','Cummings','ilueilwitz@example.org','541.979.0434x0422','2016-06-24 04:43:40','2005-10-19 14:55:29'),(49,'Lauretta','Gerlach','lavern85@example.org','204-880-2551','1982-04-30 20:35:02','2015-07-20 16:39:12'),(50,'Valentin','Beer','reyes83@example.net','1-312-812-8735','2003-11-05 23:04:59','1996-03-21 06:24:45'),(51,'Nicolas','King','jamarcus.hyatt@example.com','473.840.8738x4882','1972-08-09 17:54:14','1980-06-13 18:16:32'),(52,'Glenna','Russel','mbednar@example.org','1-767-608-4471','1971-03-17 18:42:49','2015-02-15 13:35:16'),(53,'Coralie','Sauer','gcasper@example.net','073.280.6680x00613','1972-07-12 16:05:29','1970-11-07 05:32:23'),(54,'Shyann','Schulist','hane.gillian@example.net','606-253-2571x3121','1974-02-28 10:05:16','1974-02-25 19:16:14'),(55,'Tressa','Wisozk','estel.grady@example.org','1-210-567-7006','2001-12-22 19:24:37','2008-06-27 09:24:28'),(56,'Kailey','Shanahan','heaven85@example.net','1-563-735-3086x602','1977-09-27 23:05:54','2007-03-03 01:47:38'),(57,'Claudine','Bogan','strosin.herbert@example.net','1-736-757-6733','1977-04-07 19:47:57','2009-09-15 09:59:04'),(58,'Wilfredo','Rolfson','hane.shawn@example.com','1-464-815-2105x9586','1972-09-08 20:58:27','1985-03-20 22:48:21'),(59,'Darion','Hirthe','skuhlman@example.org','896-143-3246','2012-05-14 13:59:08','1972-04-03 07:33:16'),(60,'Adaline','Kemmer','trent35@example.com','(820)169-1783x902','1978-07-18 01:59:51','2005-12-21 23:13:54'),(61,'Gerson','Emmerich','paucek.marvin@example.org','1-565-725-4993x76745','2017-08-15 14:24:46','1995-04-01 02:40:39'),(62,'Viviane','Roob','terry.gerard@example.org','026-048-4535x40939','1995-12-04 19:45:31','2008-06-24 06:34:27'),(63,'Sheldon','Morissette','aaliyah.cassin@example.net','365-294-4717x2778','2013-05-14 22:02:02','2009-07-15 10:45:59'),(64,'Lenore','Bins','kristy24@example.com','873-645-2981','1976-06-14 07:29:48','2019-06-10 09:54:35'),(65,'Ceasar','Jaskolski','santino82@example.org','+97(9)8093215896','1996-07-21 21:08:04','1999-06-27 14:15:26'),(66,'Jeanne','Romaguera','umueller@example.net','310-278-3065x64353','2005-03-26 04:36:10','1982-09-29 19:50:29'),(67,'Addie','Goodwin','amalia.turner@example.net','(102)263-3693x6225','1980-06-14 08:01:14','2005-01-11 00:37:03'),(68,'Natalie','Labadie','lubowitz.rebecca@example.net','1-061-069-8180','2001-05-12 22:03:48','1971-07-12 08:54:25'),(69,'Fae','Lueilwitz','fermin61@example.com','674.063.1213','2017-04-08 13:46:41','1980-04-04 22:04:33'),(70,'Destini','Ziemann','grimes.jerrold@example.com','199.451.4423','1992-02-03 18:25:12','2016-03-25 15:44:13'),(71,'Tony','Borer','khessel@example.net','118-280-4396','1981-06-06 11:14:35','1974-09-14 05:02:57'),(72,'Raina','Reilly','spinka.lauryn@example.org','100-190-3755x3090','2000-04-17 18:40:45','1993-04-28 09:20:13'),(73,'Julien','Wolf','mraz.katharina@example.net','1-718-898-1772','2017-02-04 00:35:48','2012-09-30 15:03:27'),(74,'Therese','Monahan','may.bartell@example.net','(182)485-0257x74967','1995-10-15 17:39:17','2000-02-24 15:17:47'),(75,'Phoebe','Durgan','jerde.marcelina@example.net','1-380-350-8124x1602','1997-04-30 09:09:43','1990-01-20 13:20:00'),(76,'Angelita','Howe','roslyn.herzog@example.org','1-187-391-6487x72105','2000-07-16 19:35:40','2000-03-09 14:43:41'),(77,'Kip','Schamberger','barton.kamren@example.com','+57(8)1633050763','2000-07-02 22:52:42','1971-01-09 21:03:20'),(78,'Rhea','Stokes','beahan.jarrett@example.com','00868650729','2013-08-28 14:13:56','1989-07-05 17:26:00'),(79,'Iva','Hackett','hermiston.florida@example.net','158-621-3116x08013','1993-02-16 12:02:05','1994-04-04 14:23:11'),(80,'Salvador','Rosenbaum','kkrajcik@example.org','998.681.0658','1996-02-29 18:19:45','1991-03-05 19:58:37'),(81,'Ahmed','Tillman','blittle@example.org','253-746-0265','2009-05-31 16:28:09','1976-05-24 18:37:24'),(82,'Frankie','Reynolds','raegan62@example.com','1-586-864-5142x8774','2010-04-09 23:55:59','2006-07-31 19:31:14'),(83,'Elyssa','Goodwin','nmetz@example.org','+25(8)6801254389','2009-12-17 03:00:46','1992-12-23 15:09:25'),(84,'Maurice','Eichmann','pagac.verona@example.org','(018)469-5564x2278','1999-07-29 02:09:35','1994-07-13 10:05:14'),(85,'Guy','Krajcik','jovan.hagenes@example.net','1-998-281-7302x4069','1974-10-15 14:46:42','1985-06-03 15:37:44'),(86,'Delmer','Quitzon','vbradtke@example.com','(250)028-7629','1980-12-05 19:48:17','2004-05-03 16:20:46'),(87,'Rose','Hoeger','leslie03@example.com','(415)839-7493','2000-08-22 00:55:04','2019-05-16 09:17:39'),(88,'Chloe','Swaniawski','whaley@example.com','990.105.6810x12576','1977-12-06 10:50:35','2016-07-15 01:24:34'),(89,'Deion','Wilderman','anika.cassin@example.com','298.968.1268','1984-10-09 05:40:01','1986-09-18 09:20:20'),(90,'Adelbert','Grady','bartell.mckenna@example.com','099-083-4831x66781','2015-02-13 07:56:49','1973-03-21 01:57:39'),(91,'Janiya','Brakus','fernando58@example.com','+66(0)2386485999','1998-02-09 05:24:12','2020-09-02 20:57:48'),(92,'Reva','Sanford','stiedemann.helmer@example.net','434.107.1629','2014-12-26 05:53:47','2011-11-04 21:10:47'),(93,'Irwin','Goodwin','krajcik.missouri@example.org','1-830-177-6201','1988-05-23 16:45:03','1983-09-09 14:06:37'),(94,'Alverta','Mante','rbogan@example.com','1-733-417-2267','1984-12-07 19:22:34','1996-07-12 02:34:38'),(95,'Manuela','Jones','deondre96@example.net','(538)403-9356x21637','2016-08-31 09:29:08','2008-07-04 10:42:16'),(96,'Deven','Monahan','lrice@example.net','09809996886','1982-09-19 07:47:44','2019-12-16 03:26:43'),(97,'Cullen','Windler','sporer.caitlyn@example.net','037.927.6198x8226','2016-10-14 04:23:07','2020-07-05 09:19:14'),(98,'Tiffany','Hills','windler.karina@example.com','1-309-094-6966','1977-06-16 16:58:18','1990-03-07 07:19:28'),(99,'Emory','Towne','roxane.gusikowski@example.net','(694)531-4489x361','2000-07-02 10:58:01','1974-03-11 10:40:20'),(100,'Ansel','Shanahan','davis.brooks@example.net','095-320-0987x571','1993-07-20 12:38:45','1980-02-23 11:01:42');
/*!40000 ALTER TABLE `users` ENABLE KEYS */;
UNLOCK TABLES;
/*!40103 SET TIME_ZONE=@OLD_TIME_ZONE */;

/*!40101 SET SQL_MODE=@OLD_SQL_MODE */;
/*!40014 SET FOREIGN_KEY_CHECKS=@OLD_FOREIGN_KEY_CHECKS */;
/*!40014 SET UNIQUE_CHECKS=@OLD_UNIQUE_CHECKS */;
/*!40101 SET CHARACTER_SET_CLIENT=@OLD_CHARACTER_SET_CLIENT */;
/*!40101 SET CHARACTER_SET_RESULTS=@OLD_CHARACTER_SET_RESULTS */;
/*!40101 SET COLLATION_CONNECTION=@OLD_COLLATION_CONNECTION */;
/*!40111 SET SQL_NOTES=@OLD_SQL_NOTES */;

-- Dump completed on 2021-03-13  1:19:22
